Date, SpxOpen, SpxHigh, SpxLow, SpxClose, VixOpen, VixHigh, VixLow, VixClose
01/03/2023 00:00:00, 3938.68, 3990.84, 3928.16, 3981.35, 21.41, 21.42, 19.55, 19.59
02/03/2023 00:00:00, 3998.02, 4048.29, 3995.17, 4045.64, 19.76, 19.76, 18.16, 18.49
05/03/2023 00:00:00, 4055.15, 4078.49, 4044.61, 4048.42, 19.05, 19.19, 18.49, 18.61
06/03/2023 00:00:00, 4048.26, 4050, 3980.31, 3986.37, 18.64, 19.74, 18.51, 19.59
07/03/2023 00:00:00, 3987.55, 4000.41, 3969.76, 3992.01, 19.71, 20.01, 19, 19.11
08/03/2023 00:00:00, 3998.66, 4017.81, 3908.7, 3918.32, 19.33, 23.14, 18.88, 22.61
09/03/2023 00:00:00, 3912.77, 3934.05, 3846.32, 3861.59, 23.34, 28.97, 21.79, 24.8
12/03/2023 00:00:00, 3835.12, 3905.05, 3808.86, 3855.76, 24.05, 30.81, 23.85, 26.52
13/03/2023 00:00:00, 3894.01, 3937.29, 3873.63, 3919.29, 26.85, 27.24, 22.27, 23.73
14/03/2023 00:00:00, 3876.74, 3894.26, 3838.24, 3891.93, 23.21, 29.91, 23.19, 26.14
15/03/2023 00:00:00, 3878.93, 3964.46, 3864.11, 3960.28, 26.19, 27.49, 22.97, 22.99
16/03/2023 00:00:00, 3958.69, 3958.91, 3901.27, 3916.64, 22.92, 26.14, 22.58, 25.51
19/03/2023 00:00:00, 3917.47, 3956.62, 3916.89, 3951.57, 27.77, 28.91, 24, 24.15
20/03/2023 00:00:00, 3975.89, 4009.08, 3971.19, 4002.87, 24.16, 24.16, 21.29, 21.38
21/03/2023 00:00:00, 4002.04, 4039.49, 3936.17, 3936.97, 21.8, 22.38, 19.94, 22.26
22/03/2023 00:00:00, 3959.21, 4007.66, 3919.05, 3948.72, 21.54, 24.91, 20.16, 22.61
23/03/2023 00:00:00, 3939.21, 3972.74, 3909.16, 3970.99, 22.11, 25.21, 21.6, 21.74
26/03/2023 00:00:00, 3982.93, 4003.83, 3970.49, 3977.53, 22.05, 22.93, 20.57, 20.6
27/03/2023 00:00:00, 3974.13, 3979.2, 3951.53, 3971.27, 20.53, 21.4, 19.91, 19.97
28/03/2023 00:00:00, 3999.53, 4030.59, 3999.53, 4027.81, 19.39, 19.45, 19.09, 19.12
29/03/2023 00:00:00, 4046.74, 4057.85, 4032.1, 4050.83, 19.12, 20.08, 18.85, 19.02
30/03/2023 00:00:00, 4056.18, 4110.75, 4056.18, 4109.31, 19.21, 19.43, 18.52, 18.7
02/04/2023 00:00:00, 4102.2, 4127.66, 4098.79, 4124.51, 19.79, 19.83, 18.54, 18.55
03/04/2023 00:00:00, 4128.03, 4133.13, 4086.87, 4100.6, 18.79, 20.03, 18.58, 19
04/04/2023 00:00:00, 4094.5, 4099.69, 4072.56, 4090.38, 19.42, 20.08, 19, 19.08
05/04/2023 00:00:00, 4081.15, 4107.32, 4069.84, 4105.02, 19.3, 19.88, 18.35, 18.4
09/04/2023 00:00:00, 4085.2, 4109.5, 4072.55, 4109.11, 19.39, 20.05, 18.93, 18.97
10/04/2023 00:00:00, 4110.29, 4124.26, 4102.61, 4108.94, 19.08, 19.28, 18.56, 19.1
11/04/2023 00:00:00, 4121.72, 4134.37, 4086.94, 4091.95, 19.38, 19.98, 18.25, 19.09
12/04/2023 00:00:00, 4100.04, 4150.26, 4099.4, 4146.22, 18.83, 19.06, 17.77, 17.8
13/04/2023 00:00:00, 4140.11, 4163.19, 4113.2, 4137.64, 17.94, 18.12, 17.07, 17.07
16/04/2023 00:00:00, 4137.17, 4151.72, 4123.18, 4151.32, 17.58, 17.79, 16.9, 16.95
17/04/2023 00:00:00, 4164.26, 4169.48, 4140.36, 4154.87, 16.94, 17.34, 16.58, 16.83
18/04/2023 00:00:00, 4139.33, 4162.57, 4134.49, 4154.52, 17.3, 17.72, 16.17, 16.46
19/04/2023 00:00:00, 4130.48, 4148.57, 4114.57, 4129.79, 16.85, 17.69, 16.33, 17.17
20/04/2023 00:00:00, 4132.14, 4138.02, 4113.86, 4133.52, 17.51, 17.71, 16.58, 16.77
23/04/2023 00:00:00, 4132.07, 4142.41, 4117.77, 4137.04, 18.22, 18.24, 16.74, 16.89
24/04/2023 00:00:00, 4126.43, 4126.43, 4071.38, 4071.63, 17.62, 19.86, 17.33, 18.76
25/04/2023 00:00:00, 4087.78, 4089.67, 4049.35, 4055.99, 18.66, 19.61, 17.87, 18.84
26/04/2023 00:00:00, 4075.29, 4138.24, 4075.29, 4135.35, 18.43, 18.43, 16.72, 17.03
27/04/2023 00:00:00, 4129.63, 4170.06, 4127.18, 4169.48, 17.21, 17.65, 15.72, 15.78
30/04/2023 00:00:00, 4166.79, 4186.92, 4164.12, 4167.87, 16.41, 16.62, 15.53, 16.08
01/05/2023 00:00:00, 4164.1, 4164.1, 4089.72, 4119.58, 16.27, 19.81, 16.26, 17.78
02/05/2023 00:00:00, 4122.25, 4148.3, 4088.86, 4090.75, 17.82, 18.83, 17.19, 18.34
03/05/2023 00:00:00, 4082.55, 4082.61, 4048.28, 4061.22, 19.17, 21.33, 18.67, 20.09
04/05/2023 00:00:00, 4084.73, 4147.02, 4084.73, 4136.25, 19.5, 19.63, 16.69, 17.19
07/05/2023 00:00:00, 4136.98, 4142.3, 4123.81, 4138.12, 17.73, 17.88, 16.83, 16.98
08/05/2023 00:00:00, 4124.25, 4130.35, 4116.65, 4119.17, 17.29, 17.86, 17.22, 17.71
09/05/2023 00:00:00, 4143.74, 4154.28, 4098.92, 4137.64, 17.58, 18.31, 16.36, 16.94
10/05/2023 00:00:00, 4132.24, 4132.8, 4109.29, 4130.62, 16.8, 18.19, 16.63, 16.93
11/05/2023 00:00:00, 4138.54, 4143.74, 4099.12, 4124.08, 16.83, 17.92, 16.38, 17.03
14/05/2023 00:00:00, 4126.65, 4141.25, 4110.27, 4136.28, 17.44, 18.16, 17.08, 17.12
15/05/2023 00:00:00, 4127.95, 4135.54, 4109.86, 4109.9, 17.54, 18.3, 17.26, 17.99
16/05/2023 00:00:00, 4122.85, 4164.67, 4113.62, 4158.77, 17.96, 18.26, 16.68, 16.87
17/05/2023 00:00:00, 4157.68, 4202.2, 4153.5, 4198.05, 16.92, 17.15, 16.05, 16.05
18/05/2023 00:00:00, 4204.15, 4212.91, 4180.2, 4191.98, 16.13, 17.36, 15.85, 16.81
21/05/2023 00:00:00, 4190.78, 4209.22, 4179.68, 4192.63, 17.45, 18.13, 16.82, 17.21
22/05/2023 00:00:00, 4176.8, 4185.68, 4142.54, 4145.58, 17.35, 19.31, 17.3, 18.53
23/05/2023 00:00:00, 4132.96, 4132.96, 4103.98, 4115.24, 18.8, 20.81, 18.8, 20.03
24/05/2023 00:00:00, 4155.71, 4165.74, 4129.73, 4151.28, 19.54, 19.95, 18.7, 19.14
25/05/2023 00:00:00, 4156.16, 4212.87, 4156.16, 4205.45, 19.07, 19.56, 17.27, 17.95
29/05/2023 00:00:00, 4226.71, 4231.1, 4192.18, 4205.52, 17.56, 18.34, 16.98, 17.46
30/05/2023 00:00:00, 4190.74, 4195.44, 4166.15, 4179.83, 18.04, 18.4, 17.12, 17.94
31/05/2023 00:00:00, 4183.03, 4232.43, 4171.64, 4221.02, 17.24, 17.59, 15.58, 15.65
01/06/2023 00:00:00, 4241.01, 4290.67, 4241.01, 4282.37, 15.65, 15.65, 14.42, 14.6
04/06/2023 00:00:00, 4282.99, 4299.28, 4266.82, 4273.79, 15.28, 15.29, 14.66, 14.73
05/06/2023 00:00:00, 4271.34, 4288.33, 4263.09, 4283.85, 14.91, 14.97, 13.95, 13.96
06/06/2023 00:00:00, 4285.47, 4299.19, 4263.96, 4267.52, 14.14, 14.29, 13.77, 13.94
07/06/2023 00:00:00, 4268.69, 4298.01, 4261.07, 4293.93, 14.14, 14.21, 13.53, 13.65
08/06/2023 00:00:00, 4304.88, 4322.62, 4291.7, 4298.86, 13.78, 14.14, 13.5, 13.83
11/06/2023 00:00:00, 4308.32, 4340.13, 4304.37, 4338.93, 14.44, 15.02, 14.32, 15.01
12/06/2023 00:00:00, 4352.61, 4375.37, 4349.31, 4369.01, 14.99, 15.06, 14.47, 14.61
13/06/2023 00:00:00, 4366.29, 4391.82, 4337.85, 4372.59, 14.48, 14.73, 13.83, 13.88
14/06/2023 00:00:00, 4365.33, 4439.2, 4362.6, 4425.84, 14.09, 14.52, 13.79, 14.5
15/06/2023 00:00:00, 4440.95, 4448.47, 4407.44, 4409.59, 14.49, 14.54, 13.48, 13.54
19/06/2023 00:00:00, 4396.11, 4400.15, 4367.19, 4388.71, 14.36, 14.67, 13.86, 13.88
20/06/2023 00:00:00, 4380.01, 4386.22, 4360.14, 4365.69, 13.88, 13.89, 13.1, 13.2
21/06/2023 00:00:00, 4355.4, 4382.25, 4351.82, 4381.89, 13.88, 13.98, 12.73, 12.91
22/06/2023 00:00:00, 4354.17, 4366.55, 4341.34, 4348.33, 13.24, 13.8, 12.88, 13.44
25/06/2023 00:00:00, 4344.84, 4362.06, 4328.08, 4328.82, 14.43, 14.71, 13.78, 14.25
26/06/2023 00:00:00, 4337.36, 4384.42, 4335, 4378.41, 14.11, 14.34, 13.59, 13.74
27/06/2023 00:00:00, 4367.48, 4390.35, 4360.22, 4376.86, 13.9, 13.96, 13.36, 13.43
28/06/2023 00:00:00, 4374.94, 4398.39, 4371.97, 4396.44, 13.64, 13.85, 13.41, 13.54
29/06/2023 00:00:00, 4422.44, 4458.48, 4422.44, 4450.38, 13.51, 13.59, 12.96, 13.59
02/07/2023 00:00:00, 4450.48, 4456.46, 4442.29, 4455.59, 13.85, 13.85, 13.47, 13.57
04/07/2023 00:00:00, 4442.04, 4454.06, 4436.61, 4446.82, 14.19, 14.74, 14.05, 14.18
05/07/2023 00:00:00, 4422.62, 4422.62, 4385.05, 4411.59, 14.85, 17.08, 14.79, 15.44
06/07/2023 00:00:00, 4404.54, 4440.39, 4397.4, 4398.95, 15.97, 16.06, 14.33, 14.83
09/07/2023 00:00:00, 4394.23, 4412.6, 4389.92, 4409.53, 16.08, 16.21, 15.04, 15.07
10/07/2023 00:00:00, 4415.55, 4443.64, 4408.46, 4439.26, 15.02, 15.25, 14.63, 14.84
11/07/2023 00:00:00, 4467.69, 4488.34, 4463.23, 4472.16, 14.82, 14.82, 13.51, 13.54
12/07/2023 00:00:00, 4491.5, 4517.38, 4489.36, 4510.04, 13.44, 13.61, 13.12, 13.61
13/07/2023 00:00:00, 4514.61, 4527.76, 4499.56, 4505.42, 13.72, 13.76, 13.22, 13.34
16/07/2023 00:00:00, 4508.86, 4532.85, 4504.9, 4522.79, 13.78, 14, 13.43, 13.48
17/07/2023 00:00:00, 4521.78, 4562.3, 4514.59, 4554.98, 13.61, 13.67, 13.29, 13.3
18/07/2023 00:00:00, 4563.87, 4578.43, 4557.48, 4565.72, 13.32, 13.84, 13.12, 13.76
19/07/2023 00:00:00, 4554.38, 4564.74, 4527.56, 4534.87, 13.96, 14.23, 13.58, 13.99
20/07/2023 00:00:00, 4550.16, 4555, 4535.79, 4536.34, 13.87, 13.89, 13.37, 13.6
23/07/2023 00:00:00, 4543.39, 4563.41, 4541.29, 4554.64, 14.29, 14.3, 13.73, 13.91
24/07/2023 00:00:00, 4555.19, 4580.62, 4552.42, 4567.46, 14.02, 14.09, 13.82, 13.86
25/07/2023 00:00:00, 4558.96, 4582.47, 4547.58, 4566.75, 13.86, 14.16, 13.15, 13.19
26/07/2023 00:00:00, 4598.26, 4607.07, 4528.56, 4537.41, 13.14, 15.02, 12.74, 14.41
27/07/2023 00:00:00, 4565.75, 4590.16, 4564.01, 4582.23, 14.03, 14.18, 13.27, 13.33
30/07/2023 00:00:00, 4584.82, 4594.22, 4573.14, 4588.96, 13.98, 14.09, 13.57, 13.63
31/07/2023 00:00:00, 4578.83, 4584.62, 4567.53, 4576.73, 13.75, 14.3, 13.75, 13.93
01/08/2023 00:00:00, 4550.93, 4550.93, 4505.75, 4513.39, 15.7, 16.48, 14.95, 16.09
02/08/2023 00:00:00, 4494.27, 4519.49, 4485.54, 4501.89, 16.77, 17.42, 15.72, 15.92
03/08/2023 00:00:00, 4513.96, 4540.34, 4474.55, 4478.03, 16.01, 17.39, 14.57, 17.1
06/08/2023 00:00:00, 4491.58, 4519.84, 4491.15, 4518.44, 16.9, 17.36, 15.77, 15.77
07/08/2023 00:00:00, 4498.03, 4503.31, 4464.39, 4499.38, 16.28, 18.14, 15.96, 15.99
08/08/2023 00:00:00, 4501.57, 4502.44, 4461.33, 4467.71, 15.81, 16.87, 15.38, 15.96
09/08/2023 00:00:00, 4487.16, 4527.37, 4457.92, 4468.83, 15.58, 16.86, 14.6, 15.85
10/08/2023 00:00:00, 4450.69, 4476.23, 4443.98, 4464.05, 15.53, 16.51, 14.84, 14.84
13/08/2023 00:00:00, 4458.13, 4490.33, 4453.44, 4489.72, 15.88, 16.06, 14.77, 14.82
14/08/2023 00:00:00, 4478.87, 4478.87, 4432.19, 4437.86, 14.95, 16.57, 14.91, 16.46
15/08/2023 00:00:00, 4433.79, 4449.95, 4403.55, 4404.33, 16.54, 16.93, 15.8, 16.78
16/08/2023 00:00:00, 4416.32, 4421.17, 4364.83, 4370.36, 16.96, 18.13, 16.4, 17.89
17/08/2023 00:00:00, 4344.88, 4381.82, 4335.31, 4369.71, 17.8, 18.88, 17.14, 17.3
20/08/2023 00:00:00, 4380.28, 4407.55, 4360.3, 4399.77, 18.03, 18.11, 16.88, 17.13
21/08/2023 00:00:00, 4415.33, 4418.59, 4382.77, 4387.55, 16.96, 17.58, 16.61, 16.97
22/08/2023 00:00:00, 4396.44, 4443.18, 4396.44, 4436.01, 16.64, 17.1, 15.91, 15.98
23/08/2023 00:00:00, 4455.16, 4458.3, 4375.55, 4376.31, 15.57, 17.32, 15.48, 17.2
24/08/2023 00:00:00, 4389.38, 4418.46, 4356.29, 4405.71, 17.21, 17.36, 15.45, 15.68
27/08/2023 00:00:00, 4426.03, 4439.56, 4414.98, 4433.31, 16.24, 16.28, 15, 15.08
28/08/2023 00:00:00, 4432.75, 4500.14, 4431.68, 4497.63, 15.08, 15.3, 14.34, 14.45
29/08/2023 00:00:00, 4500.34, 4521.65, 4493.59, 4514.87, 14.53, 14.7, 13.83, 13.88
30/08/2023 00:00:00, 4517.01, 4532.26, 4507.39, 4507.66, 13.98, 14, 13.44, 13.57
31/08/2023 00:00:00, 4530.6, 4541.25, 4501.35, 4515.77, 13.56, 13.56, 13.02, 13.09
04/09/2023 00:00:00, 4510.06, 4514.29, 4496.01, 4496.83, 14.15, 14.47, 13.7, 14.01
05/09/2023 00:00:00, 4490.35, 4490.35, 4442.38, 4465.48, 14.27, 15.3, 14.13, 14.45
06/09/2023 00:00:00, 4434.55, 4457.81, 4430.46, 4451.14, 14.81, 15.69, 14.4, 14.4
07/09/2023 00:00:00, 4451.3, 4473.53, 4448.38, 4457.49, 14.22, 14.87, 13.58, 13.84
10/09/2023 00:00:00, 4480.98, 4490.77, 4467.89, 4487.46, 14.17, 14.33, 13.74, 13.8
11/09/2023 00:00:00, 4473.27, 4487.11, 4456.83, 4461.9, 14.02, 14.42, 13.71, 14.23
12/09/2023 00:00:00, 4462.65, 4479.39, 4453.52, 4467.44, 14.42, 14.68, 13.41, 13.48
13/09/2023 00:00:00, 4487.78, 4511.99, 4478.69, 4505.1, 13.39, 13.46, 12.79, 12.82
14/09/2023 00:00:00, 4497.98, 4497.98, 4447.21, 4450.32, 12.7, 14.17, 12.68, 13.79
17/09/2023 00:00:00, 4445.13, 4466.36, 4442.11, 4453.53, 14.4, 14.75, 13.86, 14
18/09/2023 00:00:00, 4445.41, 4449.85, 4416.61, 4443.95, 14.11, 14.88, 13.86, 14.11
19/09/2023 00:00:00, 4452.81, 4461.03, 4401.38, 4402.2, 14.18, 15.15, 13.57, 15.14
20/09/2023 00:00:00, 4374.36, 4375.7, 4329.17, 4330, 15.49, 17.54, 15.1, 17.54
21/09/2023 00:00:00, 4341.74, 4357.4, 4316.49, 4320.06, 17.31, 17.41, 15.93, 17.2
24/09/2023 00:00:00, 4310.62, 4338.51, 4302.7, 4337.44, 17.25, 18.41, 16.79, 16.9
25/09/2023 00:00:00, 4312.88, 4313.01, 4265.98, 4273.53, 18.03, 19.5, 17.17, 18.94
26/09/2023 00:00:00, 4282.63, 4292.07, 4238.63, 4274.51, 18.29, 19.71, 18.03, 18.22
27/09/2023 00:00:00, 4269.65, 4317.27, 4264.38, 4299.7, 18.22, 18.77, 17.06, 17.34
28/09/2023 00:00:00, 4328.18, 4333.15, 4274.86, 4288.05, 16.87, 17.74, 15.83, 17.52
01/10/2023 00:00:00, 4284.52, 4300.58, 4260.21, 4288.39, 17.31, 18.55, 16.93, 17.61
02/10/2023 00:00:00, 4269.75, 4281.15, 4216.45, 4229.45, 17.81, 20.48, 17.52, 19.78
03/10/2023 00:00:00, 4233.83, 4268.5, 4220.48, 4263.75, 20.72, 20.88, 18.3, 18.58
04/10/2023 00:00:00, 4259.31, 4267.13, 4225.91, 4258.19, 18.67, 19.58, 18.26, 18.49
05/10/2023 00:00:00, 4234.79, 4324.1, 4219.55, 4308.5, 18.73, 19.93, 17.19, 17.45
08/10/2023 00:00:00, 4289.02, 4341.73, 4283.79, 4335.66, 19.54, 19.6, 17.56, 17.7
09/10/2023 00:00:00, 4339.75, 4385.46, 4339.64, 4358.24, 17.7, 17.86, 16.51, 17.03
10/10/2023 00:00:00, 4366.59, 4378.64, 4345.34, 4376.95, 16.95, 17.78, 16.09, 16.09
11/10/2023 00:00:00, 4380.94, 4385.85, 4325.43, 4349.61, 16.08, 18.08, 15.44, 16.69
12/10/2023 00:00:00, 4360.49, 4377.1, 4311.97, 4327.78, 16.53, 20.78, 16.5, 19.32
15/10/2023 00:00:00, 4342.37, 4383.33, 4342.37, 4373.63, 19.1, 19.57, 17.14, 17.21
16/10/2023 00:00:00, 4345.23, 4393.57, 4337.54, 4373.2, 17.41, 18.54, 16.97, 17.88
17/10/2023 00:00:00, 4357.35, 4364.2, 4303.84, 4314.6, 18.36, 20.15, 17.88, 19.22
18/10/2023 00:00:00, 4321.36, 4339.54, 4269.69, 4278, 19.73, 21.4, 18.55, 21.4
19/10/2023 00:00:00, 4273.85, 4276.56, 4223.03, 4224.16, 21.59, 21.83, 20.42, 21.71
22/10/2023 00:00:00, 4210.4, 4255.84, 4189.22, 4217.04, 21.83, 23.08, 19.48, 20.37
23/10/2023 00:00:00, 4235.79, 4259.38, 4219.43, 4247.68, 20.03, 20.24, 18.65, 18.97
24/10/2023 00:00:00, 4232.42, 4232.42, 4181.42, 4186.77, 19.39, 21.24, 18.86, 20.19
25/10/2023 00:00:00, 4175.99, 4183.6, 4127.9, 4137.23, 21.78, 21.96, 20.22, 20.68
26/10/2023 00:00:00, 4152.93, 4156.7, 4103.78, 4117.37, 20.39, 22.07, 19.72, 21.27
29/10/2023 00:00:00, 4139.39, 4177.47, 4132.94, 4166.82, 21.13, 21.16, 19.55, 19.75
30/10/2023 00:00:00, 4171.33, 4195.55, 4153.12, 4193.8, 19.86, 19.86, 17.97, 18.14
31/10/2023 00:00:00, 4201.27, 4245.64, 4197.74, 4237.86, 18.02, 18.42, 16.63, 16.87
01/11/2023 00:00:00, 4268.26, 4319.72, 4268.26, 4317.78, 16.59, 16.62, 15.58, 15.66
02/11/2023 00:00:00, 4334.23, 4373.62, 4334.23, 4358.34, 15.7, 15.83, 14.91, 14.91
05/11/2023 00:00:00, 4364.27, 4372.21, 4347.53, 4365.98, 15.39, 15.58, 14.84, 14.89
06/11/2023 00:00:00, 4366.21, 4386.26, 4355.41, 4378.38, 15.1, 15.17, 14.71, 14.81
07/11/2023 00:00:00, 4384.37, 4391.2, 4359.76, 4382.78, 14.91, 15.09, 14.3, 14.45
08/11/2023 00:00:00, 4391.41, 4393.4, 4343.94, 4347.35, 14.61, 15.57, 14.13, 15.29
09/11/2023 00:00:00, 4364.15, 4418.03, 4353.34, 4415.24, 15.09, 15.45, 14.16, 14.17
12/11/2023 00:00:00, 4406.66, 4421.76, 4393.82, 4411.55, 15.16, 15.19, 14.58, 14.76
13/11/2023 00:00:00, 4458.97, 4508.67, 4458.97, 4495.7, 14.83, 14.86, 13.91, 14.16
14/11/2023 00:00:00, 4505.3, 4521.17, 4495.31, 4502.88, 14.21, 14.35, 13.97, 14.18
15/11/2023 00:00:00, 4497.08, 4511.99, 4487.83, 4508.24, 14.12, 14.42, 13.68, 14.32
16/11/2023 00:00:00, 4509.55, 4520.12, 4499.66, 4514.02, 14.18, 14.19, 13.67, 13.8
19/11/2023 00:00:00, 4511.7, 4557.11, 4510.36, 4547.38, 14.26, 14.31, 13.39, 13.41
20/11/2023 00:00:00, 4538.77, 4542.14, 4525.51, 4538.19, 13.45, 14.31, 13.13, 13.35
21/11/2023 00:00:00, 4553.04, 4568.43, 4545.05, 4556.62, 13.08, 13.25, 12.82, 12.85
23/11/2023 00:00:00, 4555.84, 4560.31, 4552.8, 4559.34, 13.03, 13.17, 12.45, 12.46
26/11/2023 00:00:00, 4554.86, 4560.52, 4546.32, 4550.43, 13.14, 13.28, 12.64, 12.69
27/11/2023 00:00:00, 4545.55, 4568.14, 4540.51, 4554.89, 12.78, 14.3, 12.56, 12.69
28/11/2023 00:00:00, 4571.84, 4587.64, 4547.15, 4550.58, 12.71, 13.1, 12.48, 12.98
29/11/2023 00:00:00, 4554.87, 4569.89, 4537.24, 4567.8, 13.07, 13.39, 12.82, 12.92
30/11/2023 00:00:00, 4559.43, 4599.39, 4554.71, 4594.63, 12.94, 12.96, 12.48, 12.63
03/12/2023 00:00:00, 4564.37, 4572.37, 4546.72, 4569.78, 13.28, 13.7, 12.98, 13.08
04/12/2023 00:00:00, 4557.25, 4578.56, 4551.68, 4567.18, 13.26, 13.76, 12.81, 12.85
05/12/2023 00:00:00, 4586.23, 4590.74, 4546.5, 4549.34, 12.78, 13.03, 12.64, 12.97
06/12/2023 00:00:00, 4568.84, 4590.92, 4565.22, 4585.59, 13.17, 13.28, 12.95, 13.06
07/12/2023 00:00:00, 4576.2, 4609.23, 4574.06, 4604.37, 13.14, 13.24, 12.35, 12.35
10/12/2023 00:00:00, 4593.39, 4623.71, 4593.39, 4622.44, 13.05, 13.14, 12.61, 12.63
11/12/2023 00:00:00, 4618.3, 4643.93, 4608.09, 4643.7, 12.69, 12.74, 11.81, 12.07
12/12/2023 00:00:00, 4646.2, 4709.69, 4643.23, 4707.09, 12.2, 12.46, 11.82, 12.19
13/12/2023 00:00:00, 4721.04, 4738.57, 4694.34, 4719.55, 11.96, 12.74, 11.84, 12.48
14/12/2023 00:00:00, 4714.23, 4725.53, 4704.69, 4719.19, 12.12, 12.54, 12.01, 12.28
17/12/2023 00:00:00, 4725.58, 4749.52, 4725.58, 4740.56, 12.62, 12.64, 12.4, 12.56
18/12/2023 00:00:00, 4743.72, 4768.69, 4743.72, 4768.37, 12.6, 12.6, 12.33, 12.53
19/12/2023 00:00:00, 4764.73, 4778.01, 4697.82, 4698.35, 12.63, 13.93, 12.29, 13.67
20/12/2023 00:00:00, 4724.29, 4748.71, 4708.35, 4746.75, 13.4, 14.49, 13.34, 13.65
21/12/2023 00:00:00, 4753.92, 4772.94, 4736.77, 4754.63, 13.72, 13.96, 13, 13.03
25/12/2023 00:00:00, 4758.86, 4784.72, 4758.45, 4774.75, 13.77, 13.8, 12.96, 12.99
26/12/2023 00:00:00, 4773.45, 4785.39, 4768.9, 4781.58, 13.02, 13.04, 12.37, 12.43
27/12/2023 00:00:00, 4786.44, 4793.3, 4780.98, 4783.35, 12.44, 12.65, 12.38, 12.47
28/12/2023 00:00:00, 4782.88, 4788.43, 4751.99, 4769.83, 12.55, 13.19, 12.36, 12.45
01/01/2024 00:00:00, 4745.2, 4754.33, 4722.67, 4742.83, 13.22, 14.23, 13.1, 13.2
02/01/2024 00:00:00, 4725.07, 4729.29, 4699.71, 4704.81, 13.35, 14.22, 13.33, 14.04
03/01/2024 00:00:00, 4697.42, 4726.78, 4687.53, 4688.68, 13.93, 14.2, 13.64, 14.13
04/01/2024 00:00:00, 4690.57, 4721.49, 4682.11, 4697.24, 14.24, 14.58, 13.29, 13.35
07/01/2024 00:00:00, 4703.7, 4764.54, 4699.82, 4763.54, 14, 14.18, 13.02, 13.08
08/01/2024 00:00:00, 4741.93, 4765.47, 4730.35, 4756.5, 13.2, 13.45, 12.74, 12.76
09/01/2024 00:00:00, 4759.94, 4790.8, 4756.2, 4783.45, 12.86, 12.95, 12.67, 12.69
10/01/2024 00:00:00, 4792.13, 4798.5, 4739.58, 4780.24, 12.64, 13.31, 12.35, 12.44
11/01/2024 00:00:00, 4791.18, 4802.4, 4768.98, 4783.83, 12.66, 13.08, 12.47, 12.7
15/01/2024 00:00:00, 4772.35, 4782.34, 4747.12, 4765.98, 14.12, 14.35, 13.52, 13.84
16/01/2024 00:00:00, 4739.13, 4744.23, 4714.82, 4739.21, 14.59, 15.4, 14.38, 14.79
17/01/2024 00:00:00, 4760.1, 4785.79, 4740.57, 4780.94, 14.85, 14.89, 13.89, 14.13
18/01/2024 00:00:00, 4796.28, 4842.07, 4785.87, 4839.81, 13.8, 14.58, 13.28, 13.3
21/01/2024 00:00:00, 4853.42, 4868.41, 4844.05, 4850.43, 13.77, 13.84, 13.17, 13.19
22/01/2024 00:00:00, 4856.8, 4866.48, 4844.37, 4864.6, 13.2, 13.29, 12.53, 12.55
23/01/2024 00:00:00, 4888.56, 4903.68, 4865.94, 4868.55, 12.66, 13.18, 12.41, 13.14
24/01/2024 00:00:00, 4886.66, 4898.15, 4869.34, 4894.16, 13.18, 13.58, 13.06, 13.45
25/01/2024 00:00:00, 4888.91, 4906.69, 4881.47, 4890.97, 13.73, 14.1, 13.2, 13.26
28/01/2024 00:00:00, 4892.95, 4929.31, 4887.4, 4927.93, 13.98, 15.35, 13.59, 13.6
29/01/2024 00:00:00, 4925.89, 4931.09, 4916.27, 4924.97, 13.69, 13.74, 13.23, 13.31
30/01/2024 00:00:00, 4899.19, 4906.75, 4845.15, 4845.65, 13.42, 14.61, 13.18, 14.35
31/01/2024 00:00:00, 4861.11, 4906.97, 4853.52, 4906.19, 14.21, 14.63, 13.87, 13.88
01/02/2024 00:00:00, 4916.06, 4975.29, 4907.99, 4958.61, 13.95, 14.23, 13.39, 13.85
04/02/2024 00:00:00, 4957.19, 4957.19, 4918.09, 4942.81, 14.37, 14.53, 13.58, 13.67
05/02/2024 00:00:00, 4950.16, 4957.77, 4934.88, 4954.23, 13.57, 13.78, 12.98, 13.06
06/02/2024 00:00:00, 4973.05, 4999.89, 4969.05, 4995.06, 13.06, 13.13, 12.81, 12.83
07/02/2024 00:00:00, 4995.16, 5000.4, 4987.09, 4997.91, 12.95, 13.17, 12.74, 12.79
08/02/2024 00:00:00, 5004.17, 5030.06, 5000.34, 5026.61, 12.79, 13.01, 12.69, 12.93
11/02/2024 00:00:00, 5026.83, 5048.39, 5016.83, 5021.84, 13.48, 13.94, 13.34, 13.93
12/02/2024 00:00:00, 4967.94, 4971.3, 4920.31, 4953.17, 13.96, 17.94, 13.43, 15.85
13/02/2024 00:00:00, 4976.44, 5002.52, 4956.45, 5000.62, 15.38, 15.47, 14.22, 14.38
14/02/2024 00:00:00, 5003.14, 5032.72, 4999.44, 5029.73, 14.27, 14.64, 13.94, 14.01
15/02/2024 00:00:00, 5031.13, 5038.7, 4999.52, 5005.57, 13.94, 14.71, 13.75, 14.24
19/02/2024 00:00:00, 4989.32, 4993.71, 4955.02, 4975.51, 15.09, 15.91, 15.07, 15.42
20/02/2024 00:00:00, 4963.03, 4983.21, 4946, 4981.8, 15.54, 16.12, 15.22, 15.34
21/02/2024 00:00:00, 5038.83, 5094.39, 5038.83, 5087.03, 14.28, 14.64, 14.12, 14.54
22/02/2024 00:00:00, 5100.92, 5111.06, 5081.46, 5088.8, 14.31, 14.31, 13.64, 13.75
25/02/2024 00:00:00, 5093, 5097.66, 5068.91, 5069.53, 14.17, 14.2, 13.66, 13.74
26/02/2024 00:00:00, 5074.6, 5080.69, 5057.29, 5078.18, 13.63, 13.75, 13.41, 13.43
27/02/2024 00:00:00, 5067.2, 5077.37, 5058.35, 5069.76, 13.52, 13.9, 13.44, 13.84
28/02/2024 00:00:00, 5085.36, 5104.99, 5061.89, 5096.27, 14.14, 14.15, 13.3, 13.4
29/02/2024 00:00:00, 5098.51, 5140.33, 5094.16, 5137.08, 13.34, 13.66, 13.08, 13.11
03/03/2024 00:00:00, 5130.99, 5149.67, 5127.18, 5130.95, 13.49, 13.58, 13.32, 13.49
04/03/2024 00:00:00, 5110.52, 5114.54, 5056.82, 5078.65, 13.75, 15.1, 13.75, 14.46
05/03/2024 00:00:00, 5108.03, 5127.97, 5092.22, 5104.76, 14.27, 14.93, 13.89, 14.5
06/03/2024 00:00:00, 5132.38, 5165.62, 5128.21, 5157.36, 14.98, 14.98, 14.25, 14.44
07/03/2024 00:00:00, 5164.46, 5189.26, 5117.5, 5123.69, 14.22, 15.53, 13.97, 14.74
10/03/2024 00:00:00, 5111.96, 5124.66, 5091.14, 5117.94, 15.51, 16.04, 15.13, 15.22
11/03/2024 00:00:00, 5134.3, 5179.87, 5114.48, 5175.27, 14.97, 15.2, 13.81, 13.84
12/03/2024 00:00:00, 5173.49, 5179.14, 5151.88, 5165.31, 13.89, 14.04, 13.67, 13.75
13/03/2024 00:00:00, 5175.14, 5176.85, 5123.3, 5150.48, 13.62, 15.33, 13.42, 14.4
14/03/2024 00:00:00, 5123.31, 5136.86, 5104.35, 5117.09, 14.33, 15.53, 14.14, 14.41
17/03/2024 00:00:00, 5154.77, 5175.6, 5145.47, 5149.42, 14.75, 14.85, 14.26, 14.33
18/03/2024 00:00:00, 5139.09, 5180.31, 5131.59, 5178.51, 14.5, 14.86, 13.8, 13.82
19/03/2024 00:00:00, 5181.69, 5226.19, 5171.55, 5224.62, 13.83, 14.17, 13.01, 13.04
20/03/2024 00:00:00, 5253.43, 5261.1, 5240.66, 5241.53, 12.98, 13.08, 12.4, 12.92
21/03/2024 00:00:00, 5242.48, 5246.09, 5229.87, 5234.18, 12.92, 13.15, 12.58, 13.06
24/03/2024 00:00:00, 5219.52, 5229.09, 5216.09, 5218.19, 13.67, 13.67, 13.11, 13.19
25/03/2024 00:00:00, 5228.85, 5235.16, 5203.42, 5203.58, 13.12, 13.43, 12.84, 13.24
26/03/2024 00:00:00, 5226.31, 5249.26, 5213.92, 5248.49, 13.13, 13.34, 12.66, 12.78
27/03/2024 00:00:00, 5248.03, 5264.85, 5245.82, 5254.35, 12.93, 13.1, 12.84, 13.01
31/03/2024 00:00:00, 5257.97, 5263.95, 5229.2, 5243.77, 13.61, 14.15, 13.55, 13.65
01/04/2024 00:00:00, 5204.29, 5208.34, 5184.05, 5205.81, 13.74, 15.43, 13.68, 14.61
02/04/2024 00:00:00, 5194.37, 5228.75, 5194.37, 5211.49, 15, 15.18, 14.25, 14.33
03/04/2024 00:00:00, 5244.05, 5256.59, 5146.06, 5147.21, 14.29, 16.92, 13.74, 16.35
04/04/2024 00:00:00, 5158.95, 5222.18, 5157.21, 5204.34, 16.45, 16.75, 15.53, 16.03
07/04/2024 00:00:00, 5211.37, 5219.57, 5197.35, 5202.39, 16.24, 16.5, 15.11, 15.19
08/04/2024 00:00:00, 5217.03, 5224.81, 5160.78, 5209.91, 15.34, 16.63, 14.94, 14.98
09/04/2024 00:00:00, 5167.88, 5178.43, 5138.7, 5160.64, 15.24, 16.62, 14.59, 15.8
10/04/2024 00:00:00, 5172.95, 5211.78, 5138.77, 5199.06, 16.02, 17.61, 14.91, 14.91
11/04/2024 00:00:00, 5171.51, 5175.03, 5107.94, 5123.41, 14.91, 19.2, 14.91, 17.31
14/04/2024 00:00:00, 5149.67, 5168.43, 5052.47, 5061.82, 16.94, 19.46, 16.26, 19.23
15/04/2024 00:00:00, 5064.59, 5079.84, 5039.83, 5051.41, 19.49, 19.56, 17.64, 18.4
16/04/2024 00:00:00, 5068.97, 5077.96, 5007.25, 5022.21, 18.24, 19.11, 17.54, 18.21
17/04/2024 00:00:00, 5031.52, 5056.66, 5001.89, 5011.12, 17.91, 18.37, 17.21, 18
18/04/2024 00:00:00, 5005.44, 5019.02, 4953.56, 4967.23, 21.33, 21.36, 18.17, 18.71
21/04/2024 00:00:00, 4987.33, 5038.84, 4969.4, 5010.6, 18.59, 18.72, 16.69, 16.94
22/04/2024 00:00:00, 5028.85, 5076.12, 5027.96, 5070.55, 16.72, 16.76, 15.69, 15.69
23/04/2024 00:00:00, 5084.86, 5089.48, 5047.02, 5071.63, 15.76, 16.38, 15.58, 15.97
24/04/2024 00:00:00, 5019.88, 5057.75, 4990.58, 5048.42, 16.25, 17.55, 15.27, 15.37
25/04/2024 00:00:00, 5084.65, 5114.62, 5073.14, 5099.96, 15.49, 16.06, 14.92, 15.03
28/04/2024 00:00:00, 5114.13, 5123.49, 5088.65, 5116.17, 15.37, 15.42, 14.63, 14.67
29/04/2024 00:00:00, 5103.78, 5110.83, 5035.31, 5035.69, 14.82, 15.9, 14.67, 15.65
30/04/2024 00:00:00, 5029.03, 5096.12, 5013.45, 5018.39, 15.75, 16.22, 14.35, 15.39
01/05/2024 00:00:00, 5049.32, 5073.21, 5011.05, 5064.2, 15.14, 16.09, 14.6, 14.68
02/05/2024 00:00:00, 5122.78, 5139.12, 5101.22, 5127.79, 14.51, 14.58, 13.48, 13.49
05/05/2024 00:00:00, 5142.42, 5181, 5142.42, 5180.74, 13.98, 14.02, 13.44, 13.49
06/05/2024 00:00:00, 5187.2, 5200.23, 5178.96, 5187.7, 13.52, 13.64, 13.16, 13.23
07/05/2024 00:00:00, 5168.98, 5191.95, 5165.86, 5187.67, 13.24, 13.51, 12.94, 13
08/05/2024 00:00:00, 5189.03, 5215.3, 5180.41, 5214.08, 13.08, 13.29, 12.68, 12.69
09/05/2024 00:00:00, 5225.49, 5239.66, 5209.68, 5222.68, 12.77, 12.96, 12.5, 12.55
12/05/2024 00:00:00, 5233.08, 5237.26, 5211.16, 5221.42, 13.26, 13.66, 13.25, 13.6
13/05/2024 00:00:00, 5221.1, 5250.37, 5217.98, 5246.68, 13.71, 14.03, 13.27, 13.42
14/05/2024 00:00:00, 5263.26, 5311.76, 5263.26, 5308.15, 13.73, 13.94, 12.38, 12.45
15/05/2024 00:00:00, 5310.07, 5325.49, 5296.19, 5297.1, 12.52, 12.67, 12.33, 12.42
16/05/2024 00:00:00, 5303.1, 5305.45, 5283.59, 5303.27, 12.28, 12.48, 11.91, 11.99
19/05/2024 00:00:00, 5305.35, 5325.32, 5302.4, 5308.13, 12.27, 12.59, 12.07, 12.15
20/05/2024 00:00:00, 5298.69, 5324.32, 5297.87, 5321.41, 12.3, 12.56, 11.84, 11.86
21/05/2024 00:00:00, 5319.28, 5323.18, 5286.01, 5307.01, 12.05, 12.81, 11.78, 12.29
22/05/2024 00:00:00, 5340.26, 5341.88, 5256.93, 5267.84, 11.53, 13.37, 11.52, 12.77
23/05/2024 00:00:00, 5281.45, 5311.65, 5278.39, 5304.72, 12.86, 12.89, 11.89, 11.93
27/05/2024 00:00:00, 5315.91, 5315.91, 5280.89, 5306.04, 12.51, 13.44, 12.36, 12.92
28/05/2024 00:00:00, 5278.73, 5282.27, 5262.7, 5266.95, 13.75, 14.32, 13.69, 14.28
29/05/2024 00:00:00, 5259.77, 5260.21, 5222.1, 5235.48, 14.82, 14.88, 13.67, 14.47
30/05/2024 00:00:00, 5243.21, 5280.33, 5191.68, 5277.51, 14.5, 14.87, 12.84, 12.92
02/06/2024 00:00:00, 5297.15, 5302.11, 5234.32, 5283.4, 13.08, 14.31, 13, 13.11
03/06/2024 00:00:00, 5278.24, 5298.8, 5257.63, 5291.34, 13.51, 14.08, 13.11, 13.16
04/06/2024 00:00:00, 5314.48, 5354.16, 5297.64, 5354.03, 13.14, 13.25, 12.6, 12.63
05/06/2024 00:00:00, 5357.8, 5362.35, 5335.36, 5352.96, 12.75, 12.98, 12.54, 12.58
06/06/2024 00:00:00, 5343.81, 5375.08, 5331.33, 5346.99, 12.69, 13.08, 12.11, 12.22
09/06/2024 00:00:00, 5341.22, 5365.79, 5331.52, 5360.79, 13.09, 13.28, 12.62, 12.74
10/06/2024 00:00:00, 5353, 5375.95, 5327.25, 5375.32, 12.85, 13.47, 12.78, 12.85
11/06/2024 00:00:00, 5409.13, 5447.25, 5409.13, 5421.03, 13.1, 13.15, 11.94, 12.04
12/06/2024 00:00:00, 5441.93, 5441.93, 5402.51, 5433.74, 12.05, 12.68, 11.88, 11.94
13/06/2024 00:00:00, 5424.08, 5432.39, 5403.75, 5431.6, 12.22, 13.45, 12.12, 12.66
16/06/2024 00:00:00, 5431.11, 5488.5, 5420.4, 5473.23, 13.07, 13.29, 12.5, 12.75
17/06/2024 00:00:00, 5476.15, 5490.38, 5471.32, 5487.03, 12.7, 12.74, 12.24, 12.3
19/06/2024 00:00:00, 5499.99, 5505.53, 5455.56, 5473.17, 12.5, 13.55, 12.18, 13.28
20/06/2024 00:00:00, 5466.77, 5478.31, 5452.03, 5464.62, 13.22, 13.78, 12.99, 13.2
23/06/2024 00:00:00, 5459.58, 5490.66, 5447.59, 5447.87, 13.85, 13.88, 13.15, 13.33
24/06/2024 00:00:00, 5460.73, 5472.88, 5446.56, 5469.3, 13.48, 13.52, 12.84, 12.84
25/06/2024 00:00:00, 5460.71, 5483.14, 5451.87, 5477.9, 12.81, 13.24, 12.37, 12.55
26/06/2024 00:00:00, 5473.59, 5490.81, 5467.54, 5482.87, 12.69, 12.77, 12.21, 12.24
27/06/2024 00:00:00, 5488.48, 5523.64, 5451.12, 5460.48, 12.24, 12.76, 11.87, 12.44
30/06/2024 00:00:00, 5471.08, 5479.55, 5446.53, 5475.09, 12.98, 13.26, 12.1, 12.22
01/07/2024 00:00:00, 5461.84, 5509.69, 5458.43, 5509.01, 12.67, 12.88, 11.85, 12.03
02/07/2024 00:00:00, 5507.44, 5539.27, 5507.42, 5537.02, 12.13, 12.23, 11.95, 12.09
04/07/2024 00:00:00, 5537.91, 5570.33, 5531.63, 5567.19, 12.37, 12.61, 11.84, 12.48
07/07/2024 00:00:00, 5572.75, 5583.11, 5562.51, 5572.85, 12.91, 12.91, 12.31, 12.37
08/07/2024 00:00:00, 5584.24, 5590.75, 5574.57, 5576.98, 12.48, 12.61, 12.35, 12.51
09/07/2024 00:00:00, 5591.26, 5635.39, 5586.44, 5633.91, 12.51, 12.92, 12.39, 12.85
10/07/2024 00:00:00, 5635.21, 5642.45, 5576.53, 5584.54, 12.88, 13.33, 12.23, 12.92
11/07/2024 00:00:00, 5590.76, 5655.56, 5590.44, 5615.35, 12.87, 12.89, 12.11, 12.46
14/07/2024 00:00:00, 5638.16, 5666.94, 5614.75, 5631.22, 12.78, 13.26, 12.75, 13.12
15/07/2024 00:00:00, 5644.09, 5669.67, 5639.02, 5667.2, 13.38, 13.47, 12.95, 13.19
16/07/2024 00:00:00, 5610.07, 5622.49, 5584.81, 5588.27, 13.6, 14.88, 13.54, 14.48
17/07/2024 00:00:00, 5608.56, 5614.05, 5522.81, 5544.59, 14.27, 16.43, 14.08, 15.93
18/07/2024 00:00:00, 5543.37, 5557.5, 5497.04, 5505, 16.44, 17.19, 10.62, 16.52
21/07/2024 00:00:00, 5544.54, 5570.36, 5529.04, 5564.41, 16.79, 16.89, 14.75, 14.91
22/07/2024 00:00:00, 5565.3, 5585.34, 5550.9, 5555.74, 15.21, 15.35, 13.9, 14.72
23/07/2024 00:00:00, 5505.84, 5508.04, 5419.98, 5427.13, 15.35, 18.46, 15.18, 18.04
24/07/2024 00:00:00, 5428.7, 5491.59, 5390.95, 5399.22, 18.41, 19.36, 16.42, 18.46
25/07/2024 00:00:00, 5433.67, 5488.32, 5430.7, 5459.1, 17.97, 18.05, 16.37, 16.39
28/07/2024 00:00:00, 5476.55, 5487.74, 5444.44, 5463.54, 16.59, 17.21, 16.23, 16.6
29/07/2024 00:00:00, 5478.73, 5489.46, 5401.7, 5436.44, 16.64, 18.32, 16.26, 17.69
30/07/2024 00:00:00, 5505.59, 5551.51, 5493.75, 5522.3, 16.66, 16.77, 15.71, 16.36
31/07/2024 00:00:00, 5537.84, 5566.16, 5410.42, 5446.68, 16.2, 19.48, 15.95, 18.59
01/08/2024 00:00:00, 5376.63, 5383.89, 5302.03, 5346.56, 20.52, 29.66, 20.01, 23.39
04/08/2024 00:00:00, 5151.14, 5250.89, 5119.26, 5186.33, 23.39, 65.73, 23.39, 38.57
05/08/2024 00:00:00, 5206.42, 5312.34, 5193.56, 5240.03, 33.71, 34.77, 24.02, 27.71
06/08/2024 00:00:00, 5293.13, 5330.64, 5195.54, 5199.5, 24.77, 29.76, 21.97, 27.85
07/08/2024 00:00:00, 5252.57, 5328.03, 5233.85, 5319.31, 28.34, 29.47, 23.36, 23.79
08/08/2024 00:00:00, 5314.66, 5358.67, 5300.84, 5344.16, 23.78, 24.52, 20.26, 20.37
11/08/2024 00:00:00, 5351.88, 5371.2, 5324.37, 5344.39, 20.79, 21.19, 18.89, 20.71
12/08/2024 00:00:00, 5376.98, 5436.5, 5376.98, 5434.43, 20.06, 20.79, 17.95, 18.12
13/08/2024 00:00:00, 5442.36, 5463.22, 5415.91, 5455.21, 18.41, 18.49, 16.12, 16.19
14/08/2024 00:00:00, 5501.13, 5546.23, 5501.13, 5543.22, 16.27, 16.68, 14.77, 15.23
15/08/2024 00:00:00, 5530.5, 5561.98, 5525.17, 5554.25, 15.29, 15.76, 14.65, 14.8
18/08/2024 00:00:00, 5557.23, 5608.3, 5550.74, 5608.25, 15.94, 16.07, 14.46, 14.65
19/08/2024 00:00:00, 5602.88, 5620.51, 5585.5, 5597.12, 14.89, 15.93, 14.78, 15.88
20/08/2024 00:00:00, 5603.09, 5632.68, 5591.57, 5620.85, 16.25, 17.17, 15.92, 16.27
21/08/2024 00:00:00, 5637.77, 5643.22, 5560.95, 5570.64, 16.27, 18.06, 15.76, 17.55
22/08/2024 00:00:00, 5602.49, 5641.82, 5585.16, 5634.61, 17.12, 17.21, 15.61, 15.86
25/08/2024 00:00:00, 5639.66, 5651.62, 5602.34, 5616.84, 16.27, 16.67, 15.81, 16.15
26/08/2024 00:00:00, 5602.89, 5631.18, 5593.48, 5625.8, 16.21, 16.81, 15.37, 15.43
27/08/2024 00:00:00, 5624.51, 5627.03, 5560.95, 5592.18, 15.51, 17.89, 15.46, 17.11
28/08/2024 00:00:00, 5607.3, 5646.95, 5583.71, 5591.96, 16.54, 16.57, 15.19, 15.65
29/08/2024 00:00:00, 5612.74, 5651.37, 5581.79, 5648.4, 15.67, 16.04, 14.78, 15
02/09/2024 00:00:00, 5623.89, 5623.89, 5504.33, 5528.93, 15.76, 21.99, 15.71, 20.72
03/09/2024 00:00:00, 5506.68, 5552.99, 5503.66, 5520.07, 23.2, 23.31, 19.34, 21.32
04/09/2024 00:00:00, 5520.08, 5546.3, 5480.54, 5503.41, 20.75, 21.53, 19.21, 19.9
05/09/2024 00:00:00, 5507.33, 5522.47, 5402.62, 5408.42, 21.98, 23.76, 18.83, 22.38
08/09/2024 00:00:00, 5442.07, 5484.2, 5434.49, 5471.05, 21.32, 21.41, 19.29, 19.45
09/09/2024 00:00:00, 5490.51, 5497.91, 5441.72, 5495.52, 19.86, 20.74, 18.9, 19.08
10/09/2024 00:00:00, 5496.42, 5560.41, 5406.96, 5554.13, 19.41, 21.41, 17.55, 17.69
11/09/2024 00:00:00, 5557.48, 5600.71, 5535.5, 5595.76, 17.62, 18.59, 16.89, 17.07
12/09/2024 00:00:00, 5603.34, 5636.27, 5601.65, 5626.02, 17.03, 17.18, 16.23, 16.56
15/09/2024 00:00:00, 5615.21, 5636.05, 5604.53, 5633.09, 17.16, 17.69, 16.91, 17.14
16/09/2024 00:00:00, 5655.51, 5670.81, 5614.05, 5634.58, 17.16, 18.08, 16.67, 17.61
17/09/2024 00:00:00, 5641.68, 5689.75, 5615.08, 5618.26, 17.58, 19.39, 17.11, 18.23
18/09/2024 00:00:00, 5702.63, 5733.57, 5686.42, 5713.64, 17.21, 17.27, 16.21, 16.33
19/09/2024 00:00:00, 5709.64, 5715.14, 5674.49, 5702.55, 16.35, 16.68, 15.81, 16.15
22/09/2024 00:00:00, 5711.9, 5725.36, 5704.22, 5718.57, 16.71, 16.95, 15.75, 15.89
23/09/2024 00:00:00, 5727.66, 5735.32, 5698.99, 5732.93, 15.87, 16.67, 15.27, 15.39
24/09/2024 00:00:00, 5733.65, 5741.03, 5712.06, 5722.26, 15.82, 15.82, 15.17, 15.41
25/09/2024 00:00:00, 5762.22, 5767.37, 5721.01, 5745.37, 15.06, 15.83, 14.9, 15.37
26/09/2024 00:00:00, 5755.36, 5763.78, 5727.34, 5738.17, 15.64, 16.97, 15.2, 16.96
29/09/2024 00:00:00, 5726.52, 5765.14, 5703.53, 5762.48, 17.01, 17.79, 16.47, 16.73
30/09/2024 00:00:00, 5757.73, 5757.73, 5681.28, 5708.75, 16.96, 20.73, 16.61, 19.26
01/10/2024 00:00:00, 5698.14, 5719.63, 5674, 5709.54, 19.65, 20.36, 18.58, 18.9
02/10/2024 00:00:00, 5698.19, 5718.78, 5677.37, 5699.94, 19.63, 20.75, 19.16, 20.49
03/10/2024 00:00:00, 5737.48, 5753.21, 5702.83, 5751.07, 20.48, 20.48, 18.48, 19.21
06/10/2024 00:00:00, 5737.8, 5739.34, 5686.85, 5695.94, 20.76, 23.03, 20.65, 22.64
07/10/2024 00:00:00, 5719.14, 5757.6, 5714.56, 5751.13, 22.92, 23.14, 21.14, 21.42
08/10/2024 00:00:00, 5751.8, 5796.8, 5745.02, 5792.04, 21.98, 22.01, 20.71, 20.86
09/10/2024 00:00:00, 5778.36, 5795.03, 5764.76, 5780.05, 20.91, 21.39, 20.64, 20.93
10/10/2024 00:00:00, 5775.09, 5822.13, 5775.09, 5815.03, 20.87, 21.16, 20.14, 20.46
13/10/2024 00:00:00, 5829.81, 5871.41, 5829.57, 5859.85, 20.86, 20.86, 19.69, 19.7
14/10/2024 00:00:00, 5866.74, 5870.36, 5804.48, 5815.26, 19.61, 20.89, 19.44, 20.64
15/10/2024 00:00:00, 5816.58, 5846.52, 5808.34, 5842.47, 20.77, 21.01, 19.45, 19.58
16/10/2024 00:00:00, 5875.62, 5878.46, 5840.25, 5841.47, 19.55, 19.65, 18.88, 19.11
17/10/2024 00:00:00, 5859.43, 5872.17, 5846.11, 5864.67, 19.3, 19.32, 17.99, 18.03
20/10/2024 00:00:00, 5857.82, 5866.92, 5824.79, 5853.98, 18.78, 19.34, 18.36, 18.37
21/10/2024 00:00:00, 5832.7, 5863.04, 5821.17, 5851.2, 18.79, 19.44, 18.05, 18.2
22/10/2024 00:00:00, 5834.5, 5834.85, 5762.41, 5797.42, 18.21, 20.47, 18.18, 19.24
23/10/2024 00:00:00, 5817.8, 5817.8, 5784.92, 5809.86, 18.87, 20.24, 18.63, 19.08
24/10/2024 00:00:00, 5826.75, 5862.82, 5799.98, 5808.12, 19.22, 20.51, 18.23, 20.33
27/10/2024 00:00:00, 5833.93, 5842.92, 5823.08, 5823.52, 19.11, 19.88, 18.91, 19.8
28/10/2024 00:00:00, 5819.68, 5847.19, 5802.17, 5832.92, 19.75, 20.53, 19.06, 19.34
29/10/2024 00:00:00, 5832.65, 5850.94, 5811.28, 5813.67, 19.33, 20.44, 19.3, 20.35
30/10/2024 00:00:00, 5775.34, 5775.34, 5702.86, 5705.45, 21.44, 23.42, 21.12, 23.16
31/10/2024 00:00:00, 5723.22, 5772.52, 5723.22, 5728.8, 22.96, 23.09, 21.16, 21.88
03/11/2024 00:00:00, 5725.15, 5741.43, 5696.51, 5712.69, 22.5, 23.07, 21.73, 21.98
04/11/2024 00:00:00, 5722.43, 5783.44, 5722.1, 5782.76, 21.98, 22.06, 20.2, 20.49
05/11/2024 00:00:00, 5864.89, 5936.14, 5864.89, 5929.04, 16.06, 16.82, 15.44, 16.27
06/11/2024 00:00:00, 5947.21, 5983.84, 5947.21, 5973.1, 15.86, 15.86, 15.13, 15.2
07/11/2024 00:00:00, 5976.76, 6012.45, 5976.76, 5995.54, 15.13, 15.33, 14.66, 14.94
10/11/2024 00:00:00, 6008.86, 6017.31, 5986.69, 6001.35, 15.33, 15.56, 14.89, 14.97
11/11/2024 00:00:00, 6003.6, 6009.92, 5960.08, 5983.99, 15.09, 15.37, 14.69, 14.71
12/11/2024 00:00:00, 5985.75, 6008.19, 5965.91, 5985.38, 15.09, 15.26, 13.77, 14.02
13/11/2024 00:00:00, 5989.68, 5993.88, 5942.28, 5949.17, 14.17, 14.32, 13.59, 14.31
14/11/2024 00:00:00, 5912.79, 5915.32, 5853.01, 5870.62, 15.02, 17.55, 14.56, 16.14
17/11/2024 00:00:00, 5874.17, 5908.12, 5865.95, 5893.62, 16.6, 17, 15.35, 15.58
18/11/2024 00:00:00, 5870.05, 5923.51, 5855.29, 5916.98, 15.44, 17.93, 15.37, 16.35
19/11/2024 00:00:00, 5914.34, 5920.67, 5860.56, 5917.11, 16.19, 18.79, 16.04, 17.16
20/11/2024 00:00:00, 5940.58, 5963.32, 5887.26, 5948.71, 17.1, 17.99, 15.73, 16.87
21/11/2024 00:00:00, 5944.36, 5972.9, 5944.36, 5969.34, 16.67, 17.56, 15.24, 15.24
24/11/2024 00:00:00, 5992.28, 6020.75, 5963.91, 5987.37, 15.23, 15.72, 14.54, 14.6
25/11/2024 00:00:00, 6000.03, 6025.42, 5992.27, 6021.63, 14.95, 15.03, 13.88, 14.1
26/11/2024 00:00:00, 6014.11, 6020.16, 5984.87, 5998.74, 14.28, 15.13, 13.96, 14.1
28/11/2024 00:00:00, 6003.98, 6044.17, 6003.98, 6032.38, 14, 14.15, 13.49, 13.51
01/12/2024 00:00:00, 6040.11, 6053.58, 6035.33, 6047.15, 14.08, 14.1, 13.3, 13.34
02/12/2024 00:00:00, 6042.97, 6052.07, 6033.39, 6049.88, 13.38, 13.77, 13.19, 13.3
03/12/2024 00:00:00, 6069.39, 6089.84, 6061.06, 6086.49, 13.16, 13.61, 12.89, 13.45
04/12/2024 00:00:00, 6089.03, 6094.55, 6072.9, 6075.11, 13.46, 13.7, 13.26, 13.54
05/12/2024 00:00:00, 6081.38, 6099.97, 6079.98, 6090.27, 13.62, 13.74, 12.7, 12.77
08/12/2024 00:00:00, 6083.01, 6088.51, 6048.63, 6052.85, 13.36, 14.23, 13.35, 14.19
