"Date","Open","High","Low","Close","Volume"
"2021-05-02T22:00:00.000Z","4,191.98","4,209.39","4,188.03","4,192.66","4,070,220,000.00"
"2021-05-03T22:00:00.000Z","4,179.04","4,179.04","4,128.59","4,164.66","4,452,460,000.00"
"2021-05-04T22:00:00.000Z","4,177.06","4,187.72","4,160.94","4,167.59","4,230,920,000.00"
"2021-05-05T22:00:00.000Z","4,169.14","4,202.70","4,147.33","4,201.62","4,511,000,000.00"
"2021-05-06T22:00:00.000Z","4,210.34","4,238.04","4,201.64","4,232.60","4,016,080,000.00"
"2021-05-09T22:00:00.000Z","4,228.29","4,236.39","4,188.13","4,188.43","4,560,700,000.00"
"2021-05-10T22:00:00.000Z","4,150.34","4,162.04","4,111.53","4,152.10","4,870,710,000.00"
"2021-05-11T22:00:00.000Z","4,130.55","4,134.73","4,056.88","4,063.04","4,733,070,000.00"
"2021-05-12T22:00:00.000Z","4,074.99","4,131.58","4,074.99","4,112.50","4,779,540,000.00"
"2021-05-13T22:00:00.000Z","4,129.58","4,183.13","4,129.58","4,173.85","4,008,880,000.00"
"2021-05-16T22:00:00.000Z","4,169.92","4,171.92","4,142.69","4,163.29","4,125,050,000.00"
"2021-05-17T22:00:00.000Z","4,165.94","4,169.15","4,125.99","4,127.83","4,398,150,000.00"
"2021-05-18T22:00:00.000Z","4,098.45","4,116.93","4,061.41","4,115.68","4,247,450,000.00"
"2021-05-19T22:00:00.000Z","4,121.97","4,172.80","4,121.97","4,159.12","3,978,880,000.00"
"2021-05-20T22:00:00.000Z","4,168.61","4,188.72","4,151.72","4,155.86","3,995,250,000.00"
"2021-05-23T22:00:00.000Z","4,170.16","4,209.52","4,170.16","4,197.05","3,684,800,000.00"
"2021-05-24T22:00:00.000Z","4,205.94","4,213.42","4,182.52","4,188.13","4,182,250,000.00"
"2021-05-25T22:00:00.000Z","4,191.59","4,202.61","4,184.11","4,195.99","4,420,890,000.00"
"2021-05-26T22:00:00.000Z","4,201.94","4,213.38","4,197.78","4,200.88","6,406,310,000.00"
"2021-05-27T22:00:00.000Z","4,210.77","4,218.36","4,203.57","4,204.11","4,649,250,000.00"
"2021-05-31T22:00:00.000Z","4,216.52","4,234.12","4,197.59","4,202.04","5,074,670,000.00"
"2021-06-01T22:00:00.000Z","4,206.82","4,217.37","4,198.27","4,208.12","5,833,670,000.00"
"2021-06-02T22:00:00.000Z","4,191.43","4,204.39","4,167.93","4,192.85","5,587,970,000.00"
"2021-06-03T22:00:00.000Z","4,206.05","4,233.45","4,206.05","4,229.89","4,139,790,000.00"
"2021-06-06T22:00:00.000Z","4,229.34","4,232.34","4,215.66","4,226.52","4,476,920,000.00"
"2021-06-07T22:00:00.000Z","4,233.81","4,236.74","4,208.41","4,227.26","4,659,620,000.00"
"2021-06-08T22:00:00.000Z","4,232.99","4,237.09","4,218.74","4,219.55","4,713,260,000.00"
"2021-06-09T22:00:00.000Z","4,228.56","4,249.74","4,220.34","4,239.18","4,408,210,000.00"
"2021-06-10T22:00:00.000Z","4,242.90","4,248.38","4,232.25","4,247.44","3,815,010,000.00"
"2021-06-13T22:00:00.000Z","4,248.31","4,255.59","4,234.07","4,255.15","4,151,200,000.00"
"2021-06-14T22:00:00.000Z","4,255.28","4,257.16","4,238.35","4,246.59","4,048,940,000.00"
"2021-06-15T22:00:00.000Z","4,248.87","4,251.89","4,202.45","4,223.70","4,538,350,000.00"
"2021-06-16T22:00:00.000Z","4,220.37","4,232.29","4,196.05","4,221.86","5,312,680,000.00"
"2021-06-17T22:00:00.000Z","4,204.78","4,204.78","4,164.40","4,166.45","6,817,010,000.00"
"2021-06-20T22:00:00.000Z","4,173.40","4,226.24","4,173.40","4,224.79","4,128,950,000.00"
"2021-06-21T22:00:00.000Z","4,224.61","4,255.84","4,217.27","4,246.44","3,828,390,000.00"
"2021-06-22T22:00:00.000Z","4,249.27","4,256.60","4,241.43","4,241.84","3,730,350,000.00"
"2021-06-23T22:00:00.000Z","4,256.97","4,271.28","4,256.97","4,266.49","3,816,660,000.00"
"2021-06-24T22:00:00.000Z","4,274.45","4,286.12","4,271.16","4,280.70","7,341,450,000.00"
"2021-06-27T22:00:00.000Z","4,284.90","4,292.14","4,274.67","4,290.61","4,147,890,000.00"
"2021-06-28T22:00:00.000Z","4,293.21","4,300.52","4,287.04","4,291.80","3,707,150,000.00"
"2021-06-29T22:00:00.000Z","4,290.65","4,302.43","4,287.96","4,297.50","4,266,040,000.00"
"2021-06-30T22:00:00.000Z","4,300.73","4,320.66","4,300.73","4,319.94","3,788,230,000.00"
"2021-07-01T22:00:00.000Z","4,326.60","4,355.43","4,326.60","4,352.34","3,225,840,000.00"
"2021-07-05T22:00:00.000Z","4,356.46","4,356.46","4,314.37","4,343.54","4,309,570,000.00"
"2021-07-06T22:00:00.000Z","4,351.01","4,361.88","4,329.79","4,358.13","4,037,380,000.00"
"2021-07-07T22:00:00.000Z","4,321.07","4,330.88","4,289.37","4,320.82","4,347,500,000.00"
"2021-07-08T22:00:00.000Z","4,329.38","4,371.60","4,329.38","4,369.55","3,531,120,000.00"
"2021-07-11T22:00:00.000Z","4,372.41","4,386.68","4,364.03","4,384.63","3,384,460,000.00"
"2021-07-12T22:00:00.000Z","4,381.07","4,392.37","4,366.92","4,369.21","3,695,430,000.00"
"2021-07-13T22:00:00.000Z","4,380.11","4,393.68","4,362.36","4,374.30","4,006,370,000.00"
"2021-07-14T22:00:00.000Z","4,369.02","4,369.02","4,340.70","4,360.03","3,905,230,000.00"
"2021-07-15T22:00:00.000Z","4,367.43","4,375.09","4,322.53","4,327.16","3,985,700,000.00"
"2021-07-18T22:00:00.000Z","4,296.40","4,296.40","4,233.13","4,258.49","5,157,660,000.00"
"2021-07-19T22:00:00.000Z","4,265.11","4,336.84","4,262.05","4,323.06","4,438,270,000.00"
"2021-07-20T22:00:00.000Z","4,331.13","4,359.70","4,331.13","4,358.69","3,810,280,000.00"
"2021-07-21T22:00:00.000Z","4,361.27","4,369.87","4,350.06","4,367.48","3,358,300,000.00"
"2021-07-22T22:00:00.000Z","4,381.20","4,415.18","4,381.20","4,411.79","4,540,070,000.00"
"2021-07-25T22:00:00.000Z","4,409.58","4,422.73","4,405.45","4,422.30","4,275,630,000.00"
"2021-07-26T22:00:00.000Z","4,416.38","4,416.38","4,372.51","4,401.46","4,241,950,000.00"
"2021-07-27T22:00:00.000Z","4,402.95","4,415.47","4,387.01","4,400.64","4,215,290,000.00"
"2021-07-28T22:00:00.000Z","4,403.59","4,429.97","4,403.59","4,419.15","4,044,600,000.00"
"2021-07-29T22:00:00.000Z","4,395.12","4,412.25","4,389.65","4,395.26","3,956,740,000.00"
"2021-08-01T22:00:00.000Z","4,406.86","4,422.18","4,384.81","4,387.16","3,724,090,000.00"
"2021-08-02T22:00:00.000Z","4,392.74","4,423.79","4,373.00","4,423.15","3,965,190,000.00"
"2021-08-03T22:00:00.000Z","4,415.95","4,416.17","4,400.23","4,402.66","4,260,760,000.00"
"2021-08-04T22:00:00.000Z","4,408.86","4,429.76","4,408.86","4,429.10","3,769,410,000.00"
"2021-08-05T22:00:00.000Z","4,429.07","4,440.82","4,429.07","4,436.52","3,451,870,000.00"
"2021-08-08T22:00:00.000Z","4,437.77","4,439.39","4,424.74","4,432.35","3,449,280,000.00"
"2021-08-09T22:00:00.000Z","4,435.79","4,445.21","4,430.03","4,436.75","3,886,610,000.00"
"2021-08-10T22:00:00.000Z","4,442.18","4,449.44","4,436.42","4,442.41","3,532,560,000.00"
"2021-08-11T22:00:00.000Z","4,446.08","4,461.77","4,435.96","4,460.83","3,375,310,000.00"
"2021-08-12T22:00:00.000Z","4,464.84","4,468.37","4,460.82","4,468.00","3,016,470,000.00"
"2021-08-15T22:00:00.000Z","4,461.65","4,480.26","4,437.66","4,479.71","3,370,640,000.00"
"2021-08-16T22:00:00.000Z","4,462.12","4,462.12","4,417.83","4,448.08","3,836,960,000.00"
"2021-08-17T22:00:00.000Z","4,440.94","4,454.32","4,397.59","4,400.27","3,755,590,000.00"
"2021-08-18T22:00:00.000Z","4,382.44","4,418.61","4,367.73","4,405.80","4,398,410,000.00"
"2021-08-19T22:00:00.000Z","4,410.56","4,444.35","4,406.80","4,441.67","3,652,610,000.00"
"2021-08-22T22:00:00.000Z","4,450.29","4,489.88","4,450.29","4,479.53","3,576,530,000.00"
"2021-08-23T22:00:00.000Z","4,484.40","4,492.81","4,482.28","4,486.23","3,979,220,000.00"
"2021-08-24T22:00:00.000Z","4,490.45","4,501.71","4,485.66","4,496.19","3,444,700,000.00"
"2021-08-25T22:00:00.000Z","4,493.75","4,495.90","4,468.99","4,470.00","3,263,980,000.00"
"2021-08-26T22:00:00.000Z","4,474.10","4,513.33","4,474.10","4,509.37","3,331,200,000.00"
"2021-08-29T22:00:00.000Z","4,513.76","4,537.36","4,513.76","4,528.79","3,168,660,000.00"
"2021-08-30T22:00:00.000Z","4,529.75","4,531.39","4,515.80","4,522.68","4,290,710,000.00"
"2021-08-31T22:00:00.000Z","4,528.80","4,537.11","4,522.02","4,524.09","4,057,340,000.00"
"2021-09-01T22:00:00.000Z","4,534.48","4,545.85","4,524.66","4,536.95","3,735,990,000.00"
"2021-09-02T22:00:00.000Z","4,532.42","4,541.45","4,521.30","4,535.43","3,217,530,000.00"
"2021-09-06T22:00:00.000Z","4,535.38","4,535.38","4,513.00","4,520.03","3,822,960,000.00"
"2021-09-07T22:00:00.000Z","4,518.09","4,521.79","4,493.95","4,514.07","3,750,880,000.00"
"2021-09-08T22:00:00.000Z","4,513.02","4,529.90","4,492.07","4,493.28","3,735,390,000.00"
"2021-09-09T22:00:00.000Z","4,506.92","4,520.47","4,457.66","4,458.58","3,623,180,000.00"
"2021-09-12T22:00:00.000Z","4,474.81","4,492.99","4,445.70","4,468.73","3,914,220,000.00"
"2021-09-13T22:00:00.000Z","4,479.33","4,485.68","4,435.46","4,443.05","3,670,460,000.00"
"2021-09-14T22:00:00.000Z","4,447.49","4,486.87","4,438.37","4,480.70","4,032,020,000.00"
"2021-09-15T22:00:00.000Z","4,477.09","4,485.87","4,443.80","4,473.75","3,984,560,000.00"
"2021-09-16T22:00:00.000Z","4,469.74","4,471.52","4,427.76","4,432.99","7,289,530,000.00"
"2021-09-19T22:00:00.000Z","4,402.95","4,402.95","4,305.91","4,357.73","4,898,070,000.00"
"2021-09-20T22:00:00.000Z","4,374.45","4,394.87","4,347.96","4,354.19","3,920,920,000.00"
"2021-09-21T22:00:00.000Z","4,367.43","4,416.75","4,367.43","4,395.64","3,939,170,000.00"
"2021-09-22T22:00:00.000Z","4,406.75","4,465.40","4,406.75","4,448.98","3,916,350,000.00"
"2021-09-23T22:00:00.000Z","4,438.04","4,463.12","4,430.27","4,455.48","3,384,290,000.00"
"2021-09-26T22:00:00.000Z","4,442.12","4,457.30","4,436.19","4,443.11","4,058,650,000.00"
"2021-09-27T22:00:00.000Z","4,419.54","4,419.54","4,346.33","4,352.63","4,416,550,000.00"
"2021-09-28T22:00:00.000Z","4,362.41","4,385.57","4,355.08","4,359.46","3,712,660,000.00"
"2021-09-29T22:00:00.000Z","4,370.67","4,382.55","4,306.24","4,307.54","4,448,140,000.00"
"2021-09-30T22:00:00.000Z","4,317.16","4,375.19","4,288.52","4,357.04","4,010,370,000.00"
"2021-10-03T22:00:00.000Z","4,348.84","4,355.51","4,278.94","4,300.46","4,307,870,000.00"
"2021-10-04T22:00:00.000Z","4,309.87","4,369.23","4,309.87","4,345.72","3,902,890,000.00"
"2021-10-05T22:00:00.000Z","4,319.57","4,365.57","4,290.49","4,363.55","4,009,630,000.00"
"2021-10-06T22:00:00.000Z","4,383.73","4,429.97","4,383.73","4,399.76","3,843,740,000.00"
"2021-10-07T22:00:00.000Z","4,406.51","4,412.02","4,386.22","4,391.34","3,280,160,000.00"
"2021-10-10T22:00:00.000Z","4,385.44","4,415.88","4,360.59","4,361.19","3,281,970,000.00"
"2021-10-11T22:00:00.000Z","4,368.31","4,374.89","4,342.09","4,350.65","3,558,450,000.00"
"2021-10-12T22:00:00.000Z","4,358.01","4,372.87","4,329.92","4,363.80","3,620,070,000.00"
"2021-10-13T22:00:00.000Z","4,386.75","4,439.73","4,386.75","4,438.26","3,598,280,000.00"
"2021-10-14T22:00:00.000Z","4,447.69","4,475.82","4,447.69","4,471.37","3,819,380,000.00"
"2021-10-17T22:00:00.000Z","4,463.72","4,488.75","4,447.47","4,486.46","3,662,010,000.00"
"2021-10-18T22:00:00.000Z","4,497.34","4,520.40","4,496.41","4,519.63","3,459,130,000.00"
"2021-10-19T22:00:00.000Z","4,524.42","4,540.87","4,524.40","4,536.19","3,670,760,000.00"
"2021-10-20T22:00:00.000Z","4,532.24","4,551.44","4,526.89","4,549.78","3,822,330,000.00"
"2021-10-21T22:00:00.000Z","4,546.12","4,559.67","4,524.00","4,544.90","3,758,220,000.00"
"2021-10-24T22:00:00.000Z","4,553.69","4,572.62","4,537.36","4,566.48","3,899,400,000.00"
"2021-10-25T22:00:00.000Z","4,578.69","4,598.53","4,569.17","4,574.79","3,879,740,000.00"
"2021-10-26T22:00:00.000Z","4,580.22","4,584.57","4,551.66","4,551.68","4,226,050,000.00"
"2021-10-27T22:00:00.000Z","4,562.84","4,597.55","4,562.84","4,596.42","4,132,950,000.00"
"2021-10-28T22:00:00.000Z","4,572.87","4,608.08","4,567.59","4,605.38","4,510,200,000.00"
"2021-10-31T23:00:00.000Z","4,610.62","4,620.34","4,595.06","4,613.67","3,971,540,000.00"
"2021-11-01T23:00:00.000Z","4,613.34","4,635.15","4,613.34","4,630.65","3,975,250,000.00"
"2021-11-02T23:00:00.000Z","4,630.65","4,663.46","4,621.19","4,660.57","4,319,660,000.00"
"2021-11-03T23:00:00.000Z","4,662.93","4,683.00","4,662.59","4,680.06","4,462,300,000.00"
"2021-11-04T23:00:00.000Z","4,699.26","4,718.50","4,681.32","4,697.53","4,467,180,000.00"
"2021-11-07T23:00:00.000Z","4,701.48","4,714.92","4,694.39","4,701.70","4,269,710,000.00"
"2021-11-08T23:00:00.000Z","4,707.25","4,708.53","4,670.87","4,685.25","4,117,080,000.00"
"2021-11-09T23:00:00.000Z","4,670.26","4,684.85","4,630.86","4,646.71","4,503,720,000.00"
"2021-11-10T23:00:00.000Z","4,659.39","4,664.55","4,648.31","4,649.27","3,926,870,000.00"
"2021-11-11T23:00:00.000Z","4,655.24","4,688.47","4,650.77","4,682.85","3,728,600,000.00"
"2021-11-14T23:00:00.000Z","4,689.30","4,697.42","4,672.86","4,682.80","3,488,410,000.00"
"2021-11-15T23:00:00.000Z","4,679.42","4,714.95","4,679.42","4,700.90","3,972,640,000.00"
"2021-11-16T23:00:00.000Z","4,701.50","4,701.50","4,684.41","4,688.67","3,969,070,000.00"
"2021-11-17T23:00:00.000Z","4,700.72","4,708.80","4,672.78","4,704.54","4,226,410,000.00"
"2021-11-18T23:00:00.000Z","4,708.44","4,717.75","4,694.22","4,697.96","4,253,180,000.00"
"2021-11-21T23:00:00.000Z","4,712.00","4,743.83","4,682.17","4,682.94","4,441,100,000.00"
"2021-11-22T23:00:00.000Z","4,678.48","4,699.39","4,652.66","4,690.70","4,277,590,000.00"
"2021-11-23T23:00:00.000Z","4,675.78","4,702.87","4,659.89","4,701.46","3,418,430,000.00"
"2021-11-25T23:00:00.000Z","4,664.63","4,664.63","4,585.43","4,594.62","3,517,700,000.00"
"2021-11-28T23:00:00.000Z","4,628.75","4,672.95","4,625.26","4,655.27","4,336,410,000.00"
"2021-11-29T23:00:00.000Z","4,640.25","4,646.02","4,560.00","4,567.00","6,625,990,000.00"
"2021-11-30T23:00:00.000Z","4,602.82","4,652.94","4,510.27","4,513.04","5,366,730,000.00"
"2021-12-01T23:00:00.000Z","4,504.73","4,595.46","4,504.73","4,577.10","5,077,180,000.00"
"2021-12-02T23:00:00.000Z","4,589.49","4,608.03","4,495.12","4,538.43","5,240,070,000.00"
"2021-12-05T23:00:00.000Z","4,548.37","4,612.60","4,540.51","4,591.67","4,770,800,000.00"
"2021-12-06T23:00:00.000Z","4,631.97","4,694.04","4,631.97","4,686.75","4,492,400,000.00"
"2021-12-07T23:00:00.000Z","4,690.86","4,705.06","4,674.52","4,701.21","4,234,600,000.00"
"2021-12-08T23:00:00.000Z","4,691.00","4,695.26","4,665.98","4,667.45","3,903,840,000.00"
"2021-12-09T23:00:00.000Z","4,687.64","4,713.57","4,670.24","4,712.02","3,870,110,000.00"
"2021-12-12T23:00:00.000Z","4,710.30","4,710.30","4,667.60","4,668.97","4,397,230,000.00"
"2021-12-13T23:00:00.000Z","4,642.99","4,660.47","4,606.52","4,634.09","4,485,430,000.00"
"2021-12-14T23:00:00.000Z","4,636.46","4,712.60","4,611.22","4,709.85","4,910,130,000.00"
"2021-12-15T23:00:00.000Z","4,719.13","4,731.99","4,651.89","4,668.67","4,829,500,000.00"
"2021-12-16T23:00:00.000Z","4,652.50","4,666.70","4,600.22","4,620.64","7,987,090,000.00"
"2021-12-19T23:00:00.000Z","4,587.90","4,587.90","4,531.10","4,568.02","4,635,700,000.00"
"2021-12-20T23:00:00.000Z","4,594.96","4,651.14","4,583.16","4,649.23","4,072,430,000.00"
"2021-12-21T23:00:00.000Z","4,650.36","4,697.67","4,645.53","4,696.56","3,319,610,000.00"
"2021-12-22T23:00:00.000Z","4,703.96","4,740.74","4,703.96","4,725.79","2,913,040,000.00"
"2021-12-26T23:00:00.000Z","4,733.99","4,791.49","4,733.99","4,791.19","2,770,290,000.00"
"2021-12-27T23:00:00.000Z","4,795.49","4,807.02","4,780.04","4,786.35","2,707,920,000.00"
"2021-12-28T23:00:00.000Z","4,788.64","4,804.06","4,778.08","4,793.06","2,963,310,000.00"
"2021-12-29T23:00:00.000Z","4,794.23","4,808.93","4,775.33","4,778.73","3,124,950,000.00"
"2021-12-30T23:00:00.000Z","4,775.21","4,786.83","4,765.75","4,766.18","2,677,820,000.00"
"2022-01-02T23:00:00.000Z","4,778.14","4,796.64","4,758.17","4,796.56","3,831,020,000.00"
"2022-01-03T23:00:00.000Z","4,804.51","4,818.62","4,774.27","4,793.54","4,683,170,000.00"
"2022-01-04T23:00:00.000Z","4,787.99","4,797.70","4,699.44","4,700.58","4,887,960,000.00"
"2022-01-05T23:00:00.000Z","4,693.39","4,725.01","4,671.26","4,696.05","4,295,280,000.00"
"2022-01-06T23:00:00.000Z","4,697.66","4,707.95","4,662.74","4,677.03","4,181,510,000.00"
"2022-01-09T23:00:00.000Z","4,655.34","4,673.02","4,582.24","4,670.29","4,511,810,000.00"
"2022-01-10T23:00:00.000Z","4,669.14","4,714.13","4,638.27","4,713.07","4,101,590,000.00"
"2022-01-11T23:00:00.000Z","4,728.59","4,748.83","4,706.71","4,726.35","4,048,220,000.00"
"2022-01-12T23:00:00.000Z","4,733.56","4,744.13","4,650.29","4,659.03","4,251,730,000.00"
"2022-01-13T23:00:00.000Z","4,637.99","4,665.13","4,614.75","4,662.85","4,338,490,000.00"
"2022-01-17T23:00:00.000Z","4,632.24","4,632.24","4,568.70","4,577.11","4,748,700,000.00"
"2022-01-18T23:00:00.000Z","4,588.03","4,611.55","4,530.20","4,532.76","4,465,740,000.00"
"2022-01-19T23:00:00.000Z","4,547.35","4,602.11","4,477.95","4,482.73","4,640,870,000.00"
"2022-01-20T23:00:00.000Z","4,471.38","4,494.52","4,395.34","4,397.94","5,589,100,000.00"
"2022-01-23T23:00:00.000Z","4,356.32","4,417.35","4,222.62","4,410.13","6,928,110,000.00"
"2022-01-24T23:00:00.000Z","4,366.64","4,411.01","4,287.11","4,356.45","5,145,050,000.00"
"2022-01-25T23:00:00.000Z","4,408.43","4,453.23","4,304.80","4,349.93","5,570,640,000.00"
"2022-01-26T23:00:00.000Z","4,380.58","4,428.74","4,309.50","4,326.51","5,214,200,000.00"
"2022-01-27T23:00:00.000Z","4,336.19","4,432.72","4,292.46","4,431.85","5,031,090,000.00"
"2022-01-30T23:00:00.000Z","4,431.79","4,516.89","4,414.02","4,515.55","5,098,610,000.00"
"2022-01-31T23:00:00.000Z","4,519.57","4,550.49","4,483.53","4,546.54","4,816,830,000.00"
"2022-02-01T23:00:00.000Z","4,566.39","4,595.31","4,544.32","4,589.38","4,481,580,000.00"
"2022-02-02T23:00:00.000Z","4,535.41","4,542.88","4,470.39","4,477.44","4,401,970,000.00"
"2022-02-03T23:00:00.000Z","4,482.79","4,539.66","4,451.50","4,500.53","4,706,290,000.00"
"2022-02-06T23:00:00.000Z","4,505.75","4,521.86","4,471.47","4,483.87","4,228,480,000.00"
"2022-02-07T23:00:00.000Z","4,480.02","4,531.32","4,465.40","4,521.54","4,459,620,000.00"
"2022-02-08T23:00:00.000Z","4,547.00","4,590.03","4,547.00","4,587.18","4,524,350,000.00"
"2022-02-09T23:00:00.000Z","4,553.24","4,588.92","4,484.31","4,504.08","5,314,860,000.00"
"2022-02-10T23:00:00.000Z","4,506.27","4,526.33","4,401.41","4,418.64","5,251,500,000.00"
"2022-02-13T23:00:00.000Z","4,412.61","4,426.22","4,364.84","4,401.67","4,600,390,000.00"
"2022-02-14T23:00:00.000Z","4,429.28","4,472.77","4,429.28","4,471.07","4,430,830,000.00"
"2022-02-15T23:00:00.000Z","4,455.75","4,489.55","4,429.68","4,475.01","4,283,640,000.00"
"2022-02-16T23:00:00.000Z","4,456.06","4,456.06","4,373.81","4,380.26","4,539,420,000.00"
"2022-02-17T23:00:00.000Z","4,384.57","4,394.60","4,327.22","4,348.87","4,708,060,000.00"
"2022-02-21T23:00:00.000Z","4,332.74","4,362.12","4,267.11","4,304.76","5,121,900,000.00"
"2022-02-22T23:00:00.000Z","4,324.93","4,341.51","4,221.51","4,225.50","4,797,430,000.00"
"2022-02-23T23:00:00.000Z","4,155.77","4,294.73","4,114.65","4,288.70","6,752,130,000.00"
"2022-02-24T23:00:00.000Z","4,298.38","4,385.34","4,286.83","4,384.65","5,177,060,000.00"
"2022-02-27T23:00:00.000Z","4,354.17","4,388.84","4,315.12","4,373.94","6,071,370,000.00"
"2022-02-28T23:00:00.000Z","4,363.14","4,378.45","4,279.54","4,306.26","5,846,230,000.00"
"2022-03-01T23:00:00.000Z","4,322.56","4,401.48","4,322.56","4,386.54","5,337,870,000.00"
"2022-03-02T23:00:00.000Z","4,401.31","4,416.78","4,345.56","4,363.49","5,039,890,000.00"
"2022-03-03T23:00:00.000Z","4,342.12","4,342.12","4,284.98","4,328.87","5,797,380,000.00"
"2022-03-06T23:00:00.000Z","4,327.01","4,327.01","4,199.85","4,201.09","6,940,470,000.00"
"2022-03-07T23:00:00.000Z","4,202.66","4,276.94","4,157.87","4,170.70","7,243,120,000.00"
"2022-03-08T23:00:00.000Z","4,223.10","4,299.40","4,223.10","4,277.88","5,662,670,000.00"
"2022-03-09T23:00:00.000Z","4,252.55","4,268.28","4,209.80","4,259.52","4,980,830,000.00"
"2022-03-10T23:00:00.000Z","4,279.50","4,291.01","4,200.49","4,204.31","4,938,640,000.00"
"2022-03-13T23:00:00.000Z","4,202.75","4,247.57","4,161.72","4,173.11","5,574,920,000.00"
"2022-03-14T23:00:00.000Z","4,188.82","4,271.05","4,187.90","4,262.45","5,392,470,000.00"
"2022-03-15T23:00:00.000Z","4,288.14","4,358.90","4,251.99","4,357.86","6,309,750,000.00"
"2022-03-16T23:00:00.000Z","4,345.11","4,412.67","4,335.65","4,411.67","4,985,090,000.00"
"2022-03-17T23:00:00.000Z","4,407.34","4,465.40","4,390.57","4,463.12","8,278,430,000.00"
"2022-03-20T23:00:00.000Z","4,462.40","4,481.75","4,424.30","4,461.18","4,869,820,000.00"
"2022-03-21T23:00:00.000Z","4,469.10","4,522.00","4,469.10","4,511.61","4,754,840,000.00"
"2022-03-22T23:00:00.000Z","4,493.10","4,501.07","4,455.81","4,456.24","4,550,670,000.00"
"2022-03-23T23:00:00.000Z","4,469.98","4,520.58","4,465.17","4,520.16","4,131,390,000.00"
"2022-03-24T23:00:00.000Z","4,522.91","4,546.03","4,501.07","4,543.06","4,305,020,000.00"
"2022-03-27T22:00:00.000Z","4,541.09","4,575.65","4,517.69","4,575.52","4,312,260,000.00"
"2022-03-28T22:00:00.000Z","4,602.86","4,637.30","4,589.66","4,631.60","5,085,910,000.00"
"2022-03-29T22:00:00.000Z","4,624.20","4,627.77","4,581.32","4,602.45","4,385,570,000.00"
"2022-03-30T22:00:00.000Z","4,599.02","4,603.07","4,530.41","4,530.41","4,823,020,000.00"
"2022-03-31T22:00:00.000Z","4,540.32","4,548.70","4,507.57","4,545.86","4,562,940,000.00"
"2022-04-03T22:00:00.000Z","4,547.97","4,583.50","4,539.21","4,582.64","4,547,350,000.00"
"2022-04-04T22:00:00.000Z","4,572.45","4,593.45","4,514.17","4,525.12","4,800,620,000.00"
"2022-04-05T22:00:00.000Z","4,494.17","4,503.94","4,450.04","4,481.15","4,986,830,000.00"
"2022-04-06T22:00:00.000Z","4,474.65","4,521.16","4,450.30","4,500.21","4,821,490,000.00"
"2022-04-07T22:00:00.000Z","4,494.15","4,520.41","4,474.60","4,488.28","4,083,200,000.00"
"2022-04-10T22:00:00.000Z","4,462.64","4,464.35","4,408.38","4,412.53","4,266,290,000.00"
"2022-04-11T22:00:00.000Z","4,437.59","4,471.00","4,381.34","4,397.45","4,152,090,000.00"
"2022-04-12T22:00:00.000Z","4,394.30","4,453.92","4,392.70","4,446.59","3,828,150,000.00"
"2022-04-13T22:00:00.000Z","4,449.12","4,460.46","4,390.77","4,392.59","4,083,090,000.00"
"2022-04-17T22:00:00.000Z","4,385.63","4,410.31","4,370.30","4,391.69","3,910,490,000.00"
"2022-04-18T22:00:00.000Z","4,390.63","4,471.03","4,390.63","4,462.21","4,108,120,000.00"
"2022-04-19T22:00:00.000Z","4,472.26","4,488.29","4,448.76","4,459.45","4,290,450,000.00"
"2022-04-20T22:00:00.000Z","4,489.17","4,512.94","4,384.47","4,393.66","4,636,890,000.00"
"2022-04-21T22:00:00.000Z","4,385.83","4,385.83","4,267.62","4,271.78","4,651,940,000.00"
"2022-04-24T22:00:00.000Z","4,255.34","4,299.02","4,200.82","4,296.12","5,240,040,000.00"
"2022-04-25T22:00:00.000Z","4,278.14","4,278.14","4,175.04","4,175.20","4,689,970,000.00"
"2022-04-26T22:00:00.000Z","4,186.52","4,240.71","4,162.90","4,183.96","4,769,680,000.00"
"2022-04-27T22:00:00.000Z","4,222.58","4,308.45","4,188.63","4,287.50","4,854,180,000.00"
"2022-04-28T22:00:00.000Z","4,253.75","4,269.68","4,124.28","4,131.93","5,084,030,000.00"
"2022-05-01T22:00:00.000Z","4,130.61","4,169.81","4,062.51","4,155.38","5,163,790,000.00"
"2022-05-02T22:00:00.000Z","4,159.78","4,200.10","4,147.08","4,175.48","4,582,050,000.00"
"2022-05-03T22:00:00.000Z","4,181.18","4,307.66","4,148.91","4,300.17","5,136,360,000.00"
"2022-05-04T22:00:00.000Z","4,270.43","4,270.43","4,106.01","4,146.87","5,077,030,000.00"
"2022-05-05T22:00:00.000Z","4,128.17","4,157.69","4,067.91","4,123.34","5,116,940,000.00"
"2022-05-08T22:00:00.000Z","4,081.27","4,081.27","3,975.48","3,991.24","5,954,520,000.00"
"2022-05-09T22:00:00.000Z","4,035.18","4,068.82","3,958.17","4,001.05","5,885,820,000.00"
"2022-05-10T22:00:00.000Z","3,990.08","4,049.09","3,928.82","3,935.18","5,816,140,000.00"
"2022-05-11T22:00:00.000Z","3,903.95","3,964.80","3,858.87","3,930.08","6,286,450,000.00"
"2022-05-12T22:00:00.000Z","3,963.90","4,038.88","3,963.90","4,023.89","5,183,340,000.00"
"2022-05-15T22:00:00.000Z","4,013.02","4,046.46","3,983.99","4,008.01","4,415,030,000.00"
"2022-05-16T22:00:00.000Z","4,052.00","4,090.72","4,033.93","4,088.85","4,841,410,000.00"
"2022-05-17T22:00:00.000Z","4,051.98","4,051.98","3,911.91","3,923.68","5,103,220,000.00"
"2022-05-18T22:00:00.000Z","3,899.00","3,945.96","3,876.58","3,900.79","5,113,550,000.00"
"2022-05-19T22:00:00.000Z","3,927.76","3,943.42","3,810.32","3,901.36","5,130,730,000.00"
"2022-05-22T22:00:00.000Z","3,919.42","3,981.88","3,909.04","3,973.75","4,420,030,000.00"
"2022-05-23T22:00:00.000Z","3,942.94","3,955.68","3,875.13","3,941.48","4,923,190,000.00"
"2022-05-24T22:00:00.000Z","3,929.59","3,999.33","3,925.03","3,978.73","4,802,560,000.00"
"2022-05-25T22:00:00.000Z","3,984.60","4,075.14","3,984.60","4,057.84","4,709,970,000.00"
"2022-05-26T22:00:00.000Z","4,077.43","4,158.49","4,077.43","4,158.24","4,375,620,000.00"
"2022-05-30T22:00:00.000Z","4,151.09","4,168.34","4,104.88","4,132.15","6,822,640,000.00"
"2022-05-31T22:00:00.000Z","4,149.78","4,166.54","4,073.85","4,101.23","4,531,800,000.00"
"2022-06-01T22:00:00.000Z","4,095.41","4,177.51","4,074.37","4,176.82","4,405,790,000.00"
"2022-06-02T22:00:00.000Z","4,137.57","4,142.67","4,098.67","4,108.54","3,711,110,000.00"
"2022-06-05T22:00:00.000Z","4,134.72","4,168.78","4,109.18","4,121.43","4,332,700,000.00"
"2022-06-06T22:00:00.000Z","4,096.47","4,164.86","4,080.19","4,160.68","4,248,210,000.00"
"2022-06-07T22:00:00.000Z","4,147.12","4,160.14","4,107.20","4,115.77","4,159,470,000.00"
"2022-06-08T22:00:00.000Z","4,101.65","4,119.10","4,017.17","4,017.82","4,134,170,000.00"
"2022-06-09T22:00:00.000Z","3,974.39","3,974.39","3,900.16","3,900.86","4,889,640,000.00"
"2022-06-12T22:00:00.000Z","3,838.15","3,838.15","3,734.30","3,749.63","5,636,890,000.00"
"2022-06-13T22:00:00.000Z","3,763.52","3,778.18","3,705.68","3,735.48","5,153,890,000.00"
"2022-06-14T22:00:00.000Z","3,764.05","3,837.56","3,722.30","3,789.99","5,530,480,000.00"
"2022-06-15T22:00:00.000Z","3,728.18","3,728.18","3,639.77","3,666.77","5,644,930,000.00"
"2022-06-16T22:00:00.000Z","3,665.90","3,707.71","3,636.87","3,674.84","8,520,740,000.00"
"2022-06-20T22:00:00.000Z","3,715.31","3,779.65","3,715.31","3,764.79","5,292,260,000.00"
"2022-06-21T22:00:00.000Z","3,733.89","3,801.79","3,717.69","3,759.89","5,058,990,000.00"
"2022-06-22T22:00:00.000Z","3,774.71","3,802.58","3,743.52","3,795.73","5,098,640,000.00"
"2022-06-23T22:00:00.000Z","3,821.75","3,913.65","3,821.75","3,911.74","8,120,260,000.00"
"2022-06-26T22:00:00.000Z","3,920.76","3,927.72","3,889.66","3,900.11","4,325,310,000.00"
"2022-06-27T22:00:00.000Z","3,913.00","3,945.86","3,820.14","3,821.55","4,270,120,000.00"
"2022-06-28T22:00:00.000Z","3,825.09","3,836.50","3,799.02","3,818.83","4,211,240,000.00"
"2022-06-29T22:00:00.000Z","3,785.99","3,818.99","3,738.67","3,785.38","4,840,070,000.00"
"2022-06-30T22:00:00.000Z","3,781.00","3,829.82","3,752.10","3,825.33","4,046,950,000.00"
"2022-07-04T22:00:00.000Z","3,792.61","3,832.19","3,742.06","3,831.39","5,076,590,000.00"
"2022-07-05T22:00:00.000Z","3,831.98","3,870.91","3,809.37","3,845.08","4,417,720,000.00"
"2022-07-06T22:00:00.000Z","3,858.85","3,910.63","3,858.85","3,902.62","4,057,770,000.00"
"2022-07-07T22:00:00.000Z","3,888.26","3,918.50","3,869.34","3,899.38","3,521,620,000.00"
"2022-07-10T22:00:00.000Z","3,880.94","3,880.94","3,847.22","3,854.43","3,423,480,000.00"
"2022-07-11T22:00:00.000Z","3,851.95","3,873.41","3,802.36","3,818.80","3,817,210,000.00"
"2022-07-12T22:00:00.000Z","3,779.67","3,829.44","3,759.07","3,801.78","4,109,390,000.00"
"2022-07-13T22:00:00.000Z","3,763.99","3,796.41","3,721.56","3,790.38","4,199,690,000.00"
"2022-07-14T22:00:00.000Z","3,818.00","3,863.62","3,817.18","3,863.16","4,143,800,000.00"
"2022-07-17T22:00:00.000Z","3,883.79","3,902.44","3,818.63","3,830.85","4,046,870,000.00"
"2022-07-18T22:00:00.000Z","3,860.73","3,939.81","3,860.73","3,936.69","4,041,070,000.00"
"2022-07-19T22:00:00.000Z","3,935.32","3,974.13","3,922.03","3,959.90","4,185,300,000.00"
"2022-07-20T22:00:00.000Z","3,955.47","3,999.29","3,927.64","3,998.95","4,132,790,000.00"
"2022-07-21T22:00:00.000Z","3,998.43","4,012.44","3,938.86","3,961.63","3,979,240,000.00"
"2022-07-24T22:00:00.000Z","3,965.72","3,975.30","3,943.46","3,966.84","3,568,340,000.00"
"2022-07-25T22:00:00.000Z","3,953.22","3,953.22","3,910.74","3,921.05","3,778,950,000.00"
"2022-07-26T22:00:00.000Z","3,951.43","4,039.56","3,951.43","4,023.61","4,112,180,000.00"
"2022-07-27T22:00:00.000Z","4,026.13","4,078.95","3,992.97","4,072.43","4,413,000,000.00"
"2022-07-28T22:00:00.000Z","4,087.33","4,140.15","4,079.22","4,130.29","4,616,360,000.00"
"2022-07-31T22:00:00.000Z","4,112.38","4,144.95","4,096.02","4,118.63","4,202,810,000.00"
"2022-08-01T22:00:00.000Z","4,104.21","4,140.47","4,079.81","4,091.19","4,727,710,000.00"
"2022-08-02T22:00:00.000Z","4,107.96","4,167.66","4,107.96","4,155.17","4,351,760,000.00"
"2022-08-03T22:00:00.000Z","4,154.85","4,161.29","4,135.42","4,151.94","4,283,320,000.00"
"2022-08-04T22:00:00.000Z","4,115.87","4,151.58","4,107.31","4,145.19","4,085,940,000.00"
"2022-08-07T22:00:00.000Z","4,155.93","4,186.62","4,128.97","4,140.06","4,221,090,000.00"
"2022-08-08T22:00:00.000Z","4,133.11","4,137.30","4,112.09","4,122.47","3,913,090,000.00"
"2022-08-09T22:00:00.000Z","4,181.02","4,211.03","4,177.26","4,210.24","4,546,010,000.00"
"2022-08-10T22:00:00.000Z","4,227.40","4,257.91","4,201.41","4,207.27","4,630,200,000.00"
"2022-08-11T22:00:00.000Z","4,225.02","4,280.47","4,219.78","4,280.15","3,788,010,000.00"
"2022-08-14T22:00:00.000Z","4,269.37","4,301.79","4,256.90","4,297.14","3,696,830,000.00"
"2022-08-15T22:00:00.000Z","4,290.46","4,325.28","4,277.77","4,305.20","4,329,820,000.00"
"2022-08-16T22:00:00.000Z","4,280.40","4,302.18","4,253.08","4,274.04","3,885,030,000.00"
"2022-08-17T22:00:00.000Z","4,273.13","4,292.53","4,261.98","4,283.74","3,340,330,000.00"
"2022-08-18T22:00:00.000Z","4,266.31","4,266.31","4,218.70","4,228.48","3,761,340,000.00"
"2022-08-21T22:00:00.000Z","4,195.08","4,195.08","4,129.86","4,137.99","3,907,430,000.00"
"2022-08-22T22:00:00.000Z","4,133.09","4,159.77","4,124.03","4,128.73","3,823,520,000.00"
"2022-08-23T22:00:00.000Z","4,126.55","4,156.56","4,119.97","4,140.77","3,583,630,000.00"
"2022-08-24T22:00:00.000Z","4,153.26","4,200.54","4,147.59","4,199.12","3,566,870,000.00"
"2022-08-25T22:00:00.000Z","4,198.74","4,203.04","4,057.66","4,057.66","3,832,750,000.00"
"2022-08-28T22:00:00.000Z","4,034.58","4,062.99","4,017.42","4,030.61","3,396,510,000.00"
"2022-08-29T22:00:00.000Z","4,041.25","4,044.98","3,965.21","3,986.16","3,835,860,000.00"
"2022-08-30T22:00:00.000Z","4,000.67","4,015.37","3,954.53","3,955.00","4,542,490,000.00"
"2022-08-31T22:00:00.000Z","3,936.73","3,970.23","3,903.65","3,966.85","4,152,250,000.00"
"2022-09-01T22:00:00.000Z","3,994.66","4,018.43","3,906.21","3,924.26","3,665,850,000.00"
"2022-09-05T22:00:00.000Z","3,930.89","3,942.55","3,886.75","3,908.19","4,127,340,000.00"
"2022-09-06T22:00:00.000Z","3,909.43","3,987.89","3,906.03","3,979.87","3,890,320,000.00"
"2022-09-07T22:00:00.000Z","3,959.94","4,010.50","3,944.81","4,006.18","3,966,850,000.00"
"2022-09-08T22:00:00.000Z","4,022.94","4,076.81","4,022.94","4,067.36","3,901,940,000.00"
"2022-09-11T22:00:00.000Z","4,083.67","4,119.28","4,083.67","4,110.41","3,814,200,000.00"
"2022-09-12T22:00:00.000Z","4,037.12","4,037.12","3,921.28","3,932.69","4,224,550,000.00"
"2022-09-13T22:00:00.000Z","3,940.73","3,961.94","3,912.18","3,946.01","4,293,240,000.00"
"2022-09-14T22:00:00.000Z","3,932.41","3,959.14","3,888.28","3,901.35","4,441,830,000.00"
"2022-09-15T22:00:00.000Z","3,880.95","3,880.95","3,837.08","3,873.33","7,954,650,000.00"
"2022-09-18T22:00:00.000Z","3,849.91","3,900.45","3,838.50","3,899.89","3,766,850,000.00"
"2022-09-19T22:00:00.000Z","3,875.23","3,876.01","3,827.54","3,855.93","4,058,050,000.00"
"2022-09-20T22:00:00.000Z","3,871.40","3,907.07","3,789.49","3,789.93","4,078,330,000.00"
"2022-09-21T22:00:00.000Z","3,782.36","3,790.90","3,749.45","3,757.99","4,284,600,000.00"
"2022-09-22T22:00:00.000Z","3,727.14","3,727.14","3,647.47","3,693.23","5,144,270,000.00"
"2022-09-25T22:00:00.000Z","3,682.72","3,715.67","3,644.76","3,655.04","4,886,140,000.00"
"2022-09-26T22:00:00.000Z","3,686.44","3,717.53","3,623.29","3,647.29","4,577,740,000.00"
"2022-09-27T22:00:00.000Z","3,651.94","3,736.74","3,640.61","3,719.04","4,684,850,000.00"
"2022-09-28T22:00:00.000Z","3,687.01","3,687.01","3,610.40","3,640.47","4,681,810,000.00"
"2022-09-29T22:00:00.000Z","3,633.48","3,671.44","3,584.13","3,585.62","5,645,360,000.00"
"2022-10-02T22:00:00.000Z","3,609.78","3,698.35","3,604.93","3,678.43","4,806,680,000.00"
"2022-10-03T22:00:00.000Z","3,726.46","3,791.92","3,726.46","3,790.93","5,146,580,000.00"
"2022-10-04T22:00:00.000Z","3,753.25","3,806.91","3,722.66","3,783.28","4,293,180,000.00"
"2022-10-05T22:00:00.000Z","3,771.97","3,797.93","3,739.22","3,744.52","4,252,100,000.00"
"2022-10-06T22:00:00.000Z","3,706.74","3,706.74","3,620.73","3,639.66","4,449,660,000.00"
"2022-10-09T22:00:00.000Z","3,647.51","3,652.17","3,588.10","3,612.39","3,834,320,000.00"
"2022-10-10T22:00:00.000Z","3,595.86","3,640.66","3,568.45","3,588.84","4,759,030,000.00"
"2022-10-11T22:00:00.000Z","3,590.83","3,608.34","3,573.86","3,577.03","4,006,830,000.00"
"2022-10-12T22:00:00.000Z","3,520.37","3,685.41","3,491.58","3,669.91","5,021,680,000.00"
"2022-10-13T22:00:00.000Z","3,690.41","3,712.00","3,579.68","3,583.07","4,243,030,000.00"
"2022-10-16T22:00:00.000Z","3,638.65","3,689.73","3,638.65","3,677.95","4,352,780,000.00"
"2022-10-17T22:00:00.000Z","3,746.26","3,762.79","3,686.53","3,719.98","4,483,740,000.00"
"2022-10-18T22:00:00.000Z","3,703.11","3,728.58","3,666.51","3,695.16","4,223,800,000.00"
"2022-10-19T22:00:00.000Z","3,689.05","3,736.00","3,656.44","3,665.78","4,496,620,000.00"
"2022-10-20T22:00:00.000Z","3,657.10","3,757.89","3,647.42","3,752.75","5,078,020,000.00"
"2022-10-23T22:00:00.000Z","3,762.01","3,810.74","3,741.65","3,797.34","4,747,930,000.00"
"2022-10-24T22:00:00.000Z","3,799.44","3,862.85","3,799.44","3,859.11","4,843,120,000.00"
"2022-10-25T22:00:00.000Z","3,825.97","3,886.15","3,824.07","3,830.60","4,817,310,000.00"
"2022-10-26T22:00:00.000Z","3,834.69","3,859.95","3,803.79","3,807.30","4,687,320,000.00"
"2022-10-27T22:00:00.000Z","3,808.26","3,905.42","3,808.26","3,901.06","4,459,410,000.00"
"2022-10-30T23:00:00.000Z","3,881.85","3,893.73","3,863.18","3,871.98","4,820,620,000.00"
"2022-10-31T23:00:00.000Z","3,901.79","3,911.79","3,843.80","3,856.10","4,481,210,000.00"
"2022-11-01T23:00:00.000Z","3,852.90","3,894.44","3,758.68","3,759.69","4,899,000,000.00"
"2022-11-02T23:00:00.000Z","3,733.25","3,750.59","3,698.15","3,719.89","4,625,290,000.00"
"2022-11-03T23:00:00.000Z","3,766.98","3,796.34","3,708.84","3,770.55","5,400,180,000.00"
"2022-11-06T23:00:00.000Z","3,780.71","3,813.95","3,764.70","3,806.80","4,341,620,000.00"
"2022-11-07T23:00:00.000Z","3,817.02","3,859.40","3,786.28","3,828.11","4,607,640,000.00"
"2022-11-08T23:00:00.000Z","3,810.94","3,818.20","3,744.22","3,748.57","4,645,010,000.00"
"2022-11-09T23:00:00.000Z","3,859.89","3,958.33","3,859.89","3,956.37","5,781,260,000.00"
"2022-11-10T23:00:00.000Z","3,963.72","4,001.48","3,944.82","3,992.93","5,593,310,000.00"
"2022-11-13T23:00:00.000Z","3,977.97","4,008.97","3,956.40","3,957.25","4,561,930,000.00"
"2022-11-14T23:00:00.000Z","4,006.41","4,028.84","3,953.17","3,991.73","5,015,310,000.00"
"2022-11-15T23:00:00.000Z","3,976.82","3,983.09","3,954.34","3,958.79","4,165,320,000.00"
"2022-11-16T23:00:00.000Z","3,919.26","3,954.33","3,906.54","3,946.56","4,051,780,000.00"
"2022-11-17T23:00:00.000Z","3,966.39","3,979.89","3,935.98","3,965.34","4,037,360,000.00"
"2022-11-20T23:00:00.000Z","3,956.23","3,962.00","3,933.34","3,949.94","3,850,690,000.00"
"2022-11-21T23:00:00.000Z","3,965.51","4,005.88","3,956.88","4,003.58","3,887,990,000.00"
"2022-11-22T23:00:00.000Z","4,000.30","4,033.78","3,998.66","4,027.26","3,279,720,000.00"
"2022-11-24T23:00:00.000Z","4,023.34","4,034.02","4,020.76","4,026.12","1,706,460,000.00"
"2022-11-27T23:00:00.000Z","4,005.36","4,012.27","3,955.77","3,963.94","3,615,430,000.00"
"2022-11-28T23:00:00.000Z","3,964.19","3,976.77","3,937.65","3,957.63","3,546,040,000.00"
"2022-11-29T23:00:00.000Z","3,957.18","4,080.11","3,938.58","4,080.11","6,579,360,000.00"
"2022-11-30T23:00:00.000Z","4,087.14","4,100.51","4,050.87","4,076.57","4,527,130,000.00"
"2022-12-01T23:00:00.000Z","4,040.17","4,080.48","4,026.63","4,071.70","4,012,620,000.00"
"2022-12-04T23:00:00.000Z","4,052.02","4,052.45","3,984.49","3,998.84","4,280,820,000.00"
"2022-12-05T23:00:00.000Z","3,996.63","4,001.51","3,918.39","3,941.26","4,368,380,000.00"
"2022-12-06T23:00:00.000Z","3,933.28","3,957.57","3,922.68","3,933.92","4,118,050,000.00"
"2022-12-07T23:00:00.000Z","3,947.79","3,974.19","3,935.83","3,963.51","4,006,900,000.00"
"2022-12-08T23:00:00.000Z","3,954.17","3,977.02","3,933.04","3,934.38","3,888,260,000.00"
"2022-12-11T23:00:00.000Z","3,939.29","3,990.71","3,935.30","3,990.56","3,904,130,000.00"
"2022-12-12T23:00:00.000Z","4,069.38","4,100.96","3,993.03","4,019.65","5,079,360,000.00"
"2022-12-13T23:00:00.000Z","4,015.54","4,053.76","3,965.65","3,995.32","4,472,340,000.00"
"2022-12-14T23:00:00.000Z","3,958.37","3,958.37","3,879.45","3,895.75","4,493,900,000.00"
"2022-12-15T23:00:00.000Z","3,890.91","3,890.91","3,827.91","3,852.36","7,493,660,000.00"
"2022-12-18T23:00:00.000Z","3,853.79","3,854.86","3,800.04","3,817.66","3,969,610,000.00"
"2022-12-19T23:00:00.000Z","3,810.47","3,838.24","3,795.62","3,821.62","3,985,370,000.00"
"2022-12-20T23:00:00.000Z","3,839.49","3,889.82","3,839.49","3,878.44","3,775,200,000.00"
"2022-12-21T23:00:00.000Z","3,853.26","3,853.26","3,764.49","3,822.39","3,956,950,000.00"
"2022-12-22T23:00:00.000Z","3,815.11","3,845.80","3,797.01","3,844.82","2,819,280,000.00"
"2022-12-26T23:00:00.000Z","3,843.34","3,846.65","3,813.22","3,829.25","3,030,300,000.00"
"2022-12-27T23:00:00.000Z","3,829.56","3,848.32","3,780.78","3,783.22","3,083,520,000.00"
"2022-12-28T23:00:00.000Z","3,805.45","3,858.19","3,805.45","3,849.28","3,003,680,000.00"
"2022-12-29T23:00:00.000Z","3,829.06","3,839.85","3,800.34","3,839.50","2,979,870,000.00"
"2023-01-02T23:00:00.000Z","3,853.29","3,878.46","3,794.33","3,824.14","3,959,140,000.00"
"2023-01-03T23:00:00.000Z","3,840.36","3,873.16","3,815.77","3,852.97","4,414,080,000.00"
"2023-01-04T23:00:00.000Z","3,839.74","3,839.74","3,802.42","3,808.10","3,893,450,000.00"
"2023-01-05T23:00:00.000Z","3,823.37","3,906.19","3,809.56","3,895.08","3,923,560,000.00"
"2023-01-08T23:00:00.000Z","3,910.82","3,950.57","3,890.42","3,892.09","4,311,770,000.00"
"2023-01-09T23:00:00.000Z","3,888.57","3,919.83","3,877.29","3,919.25","3,851,030,000.00"
"2023-01-10T23:00:00.000Z","3,932.35","3,970.07","3,928.54","3,969.61","4,303,360,000.00"
"2023-01-11T23:00:00.000Z","3,977.57","3,997.76","3,937.56","3,983.17","4,440,260,000.00"
"2023-01-12T23:00:00.000Z","3,960.60","4,003.95","3,947.67","3,999.09","3,939,700,000.00"
"2023-01-16T23:00:00.000Z","3,999.28","4,015.39","3,984.57","3,990.97","4,235,560,000.00"
"2023-01-17T23:00:00.000Z","4,002.25","4,014.16","3,926.59","3,928.86","4,298,710,000.00"
"2023-01-18T23:00:00.000Z","3,911.84","3,922.94","3,885.54","3,898.85","3,991,500,000.00"
"2023-01-19T23:00:00.000Z","3,909.04","3,972.96","3,897.86","3,972.61","4,013,360,000.00"
"2023-01-22T23:00:00.000Z","3,978.14","4,039.31","3,971.64","4,019.81","3,945,210,000.00"
"2023-01-23T23:00:00.000Z","4,001.74","4,023.92","3,989.79","4,016.95","3,320,430,000.00"
"2023-01-24T23:00:00.000Z","3,982.71","4,019.55","3,949.06","4,016.22","3,724,020,000.00"
"2023-01-25T23:00:00.000Z","4,036.08","4,061.57","4,013.29","4,060.43","3,809,590,000.00"
"2023-01-26T23:00:00.000Z","4,053.72","4,094.21","4,048.70","4,070.56","3,907,760,000.00"
"2023-01-29T23:00:00.000Z","4,049.27","4,063.85","4,015.55","4,017.77","3,802,000,000.00"
"2023-01-30T23:00:00.000Z","4,020.85","4,077.16","4,020.44","4,076.60","4,679,320,000.00"
"2023-01-31T23:00:00.000Z","4,070.07","4,148.95","4,037.20","4,119.21","4,856,930,000.00"
"2023-02-01T23:00:00.000Z","4,158.68","4,195.44","4,141.88","4,179.76","5,624,360,000.00"
"2023-02-02T23:00:00.000Z","4,136.69","4,182.36","4,123.36","4,136.48","4,694,510,000.00"
"2023-02-05T23:00:00.000Z","4,119.57","4,124.63","4,093.38","4,111.08","4,114,240,000.00"
"2023-02-06T23:00:00.000Z","4,105.35","4,176.54","4,088.39","4,164.00","4,355,860,000.00"
"2023-02-07T23:00:00.000Z","4,153.47","4,156.85","4,111.67","4,117.86","4,029,820,000.00"
"2023-02-08T23:00:00.000Z","4,144.25","4,156.23","4,069.67","4,081.50","4,270,200,000.00"
"2023-02-09T23:00:00.000Z","4,068.92","4,094.36","4,060.79","4,090.46","3,891,520,000.00"
"2023-02-12T23:00:00.000Z","4,096.62","4,138.90","4,092.67","4,137.29","3,448,620,000.00"
"2023-02-13T23:00:00.000Z","4,126.70","4,159.77","4,095.01","4,136.13","3,929,200,000.00"
"2023-02-14T23:00:00.000Z","4,119.50","4,148.11","4,103.98","4,147.60","4,075,980,000.00"
"2023-02-15T23:00:00.000Z","4,114.75","4,136.54","4,089.49","4,090.41","4,143,660,000.00"
"2023-02-16T23:00:00.000Z","4,077.39","4,081.51","4,047.95","4,079.09","4,045,480,000.00"
"2023-02-20T23:00:00.000Z","4,052.35","4,052.35","3,995.19","3,997.34","4,121,590,000.00"
"2023-02-21T23:00:00.000Z","4,001.83","4,017.37","3,976.90","3,991.05","4,079,320,000.00"
"2023-02-22T23:00:00.000Z","4,018.60","4,028.30","3,969.19","4,012.32","3,952,940,000.00"
"2023-02-23T23:00:00.000Z","3,973.24","3,978.25","3,943.08","3,970.04","3,877,700,000.00"
"2023-02-26T23:00:00.000Z","3,992.36","4,018.05","3,973.55","3,982.24","3,836,950,000.00"
"2023-02-27T23:00:00.000Z","3,977.19","3,997.50","3,968.98","3,970.15","5,043,400,000.00"
"2023-02-28T23:00:00.000Z","3,963.34","3,971.73","3,939.05","3,951.39","4,249,480,000.00"
"2023-03-01T23:00:00.000Z","3,938.68","3,990.84","3,928.16","3,981.35","4,244,900,000.00"
"2023-03-02T23:00:00.000Z","3,998.02","4,048.29","3,995.17","4,045.64","4,084,730,000.00"
"2023-03-05T23:00:00.000Z","4,055.15","4,078.49","4,044.61","4,048.42","4,000,870,000.00"
"2023-03-06T23:00:00.000Z","4,048.26","4,050.00","3,980.31","3,986.37","3,922,500,000.00"
"2023-03-07T23:00:00.000Z","3,987.55","4,000.41","3,969.76","3,992.01","3,535,570,000.00"
"2023-03-08T23:00:00.000Z","3,998.66","4,017.81","3,908.70","3,918.32","4,445,260,000.00"
"2023-03-09T23:00:00.000Z","3,912.77","3,934.05","3,846.32","3,861.59","5,518,190,000.00"
"2023-03-12T23:00:00.000Z","3,835.12","3,905.05","3,808.86","3,855.76","6,558,020,000.00"
"2023-03-13T23:00:00.000Z","3,894.01","3,937.29","3,873.63","3,919.29","5,665,870,000.00"
"2023-03-14T23:00:00.000Z","3,876.74","3,894.26","3,838.24","3,891.93","6,594,010,000.00"
"2023-03-15T23:00:00.000Z","3,878.93","3,964.46","3,864.11","3,960.28","5,695,790,000.00"
"2023-03-16T23:00:00.000Z","3,958.69","3,958.91","3,901.27","3,916.64","9,354,280,000.00"
"2023-03-19T23:00:00.000Z","3,917.47","3,956.62","3,916.89","3,951.57","5,347,140,000.00"
"2023-03-20T23:00:00.000Z","3,975.89","4,009.08","3,971.19","4,002.87","4,920,240,000.00"
"2023-03-21T23:00:00.000Z","4,002.04","4,039.49","3,936.17","3,936.97","4,533,010,000.00"
"2023-03-22T23:00:00.000Z","3,959.21","4,007.66","3,919.05","3,948.72","4,991,600,000.00"
"2023-03-23T23:00:00.000Z","3,939.21","3,972.74","3,909.16","3,970.99","4,583,970,000.00"
"2023-03-26T22:00:00.000Z","3,982.93","4,003.83","3,970.49","3,977.53","4,233,540,000.00"
"2023-03-27T22:00:00.000Z","3,974.13","3,979.20","3,951.53","3,971.27","4,014,600,000.00"
"2023-03-28T22:00:00.000Z","3,999.53","4,030.59","3,999.53","4,027.81","4,145,250,000.00"
"2023-03-29T22:00:00.000Z","4,046.74","4,057.85","4,032.10","4,050.83","3,930,860,000.00"
"2023-03-30T22:00:00.000Z","4,056.18","4,110.75","4,056.18","4,109.31","4,525,120,000.00"
"2023-04-02T22:00:00.000Z","4,102.20","4,127.66","4,098.79","4,124.51","4,234,700,000.00"
"2023-04-03T22:00:00.000Z","4,128.03","4,133.13","4,086.87","4,100.60","4,227,800,000.00"
"2023-04-04T22:00:00.000Z","4,094.50","4,099.69","4,072.56","4,090.38","3,968,020,000.00"
"2023-04-05T22:00:00.000Z","4,081.15","4,107.32","4,069.84","4,105.02","3,486,690,000.00"
"2023-04-09T22:00:00.000Z","4,085.20","4,109.50","4,072.55","4,109.11","3,423,650,000.00"
"2023-04-10T22:00:00.000Z","4,110.29","4,124.26","4,102.61","4,108.94","3,665,830,000.00"
"2023-04-11T22:00:00.000Z","4,121.72","4,134.37","4,086.94","4,091.95","3,633,120,000.00"
"2023-04-12T22:00:00.000Z","4,100.04","4,150.26","4,099.40","4,146.22","3,596,590,000.00"
"2023-04-13T22:00:00.000Z","4,140.11","4,163.19","4,113.20","4,137.64","3,575,690,000.00"
"2023-04-16T22:00:00.000Z","4,137.17","4,151.72","4,123.18","4,151.32","3,611,180,000.00"
"2023-04-17T22:00:00.000Z","4,164.26","4,169.48","4,140.36","4,154.87","3,536,640,000.00"
"2023-04-18T22:00:00.000Z","4,139.33","4,162.57","4,134.49","4,154.52","3,572,560,000.00"
"2023-04-19T22:00:00.000Z","4,130.48","4,148.57","4,114.57","4,129.79","3,772,080,000.00"
"2023-04-20T22:00:00.000Z","4,132.14","4,138.02","4,113.86","4,133.52","3,611,750,000.00"
"2023-04-23T22:00:00.000Z","4,132.07","4,142.41","4,117.77","4,137.04","3,290,940,000.00"
"2023-04-24T22:00:00.000Z","4,126.43","4,126.43","4,071.38","4,071.63","3,978,640,000.00"
"2023-04-25T22:00:00.000Z","4,087.78","4,089.67","4,049.35","4,055.99","3,837,030,000.00"
"2023-04-26T22:00:00.000Z","4,075.29","4,138.24","4,075.29","4,135.35","3,750,550,000.00"
"2023-04-27T22:00:00.000Z","4,129.63","4,170.06","4,127.18","4,169.48","4,087,800,000.00"
"2023-04-30T22:00:00.000Z","4,166.79","4,186.92","4,164.12","4,167.87","3,321,370,000.00"
"2023-05-01T22:00:00.000Z","4,164.10","4,164.10","4,089.72","4,119.58","4,486,130,000.00"
"2023-05-02T22:00:00.000Z","4,122.25","4,148.30","4,088.86","4,090.75","4,246,510,000.00"
"2023-05-03T22:00:00.000Z","4,082.55","4,082.61","4,048.28","4,061.22","4,920,090,000.00"
"2023-05-04T22:00:00.000Z","4,084.73","4,147.02","4,084.73","4,136.25","4,186,270,000.00"
"2023-05-07T22:00:00.000Z","4,136.98","4,142.30","4,123.81","4,138.12","3,641,640,000.00"
"2023-05-08T22:00:00.000Z","4,124.25","4,130.35","4,116.65","4,119.17","3,810,140,000.00"
"2023-05-09T22:00:00.000Z","4,143.74","4,154.28","4,098.92","4,137.64","4,057,160,000.00"
"2023-05-10T22:00:00.000Z","4,132.24","4,132.80","4,109.29","4,130.62","3,752,900,000.00"
"2023-05-11T22:00:00.000Z","4,138.54","4,143.74","4,099.12","4,124.08","3,533,740,000.00"
"2023-05-14T22:00:00.000Z","4,126.65","4,141.25","4,110.27","4,136.28","3,562,170,000.00"
"2023-05-15T22:00:00.000Z","4,127.95","4,135.54","4,109.86","4,109.90","3,654,200,000.00"
"2023-05-16T22:00:00.000Z","4,122.85","4,164.67","4,113.62","4,158.77","4,039,080,000.00"
"2023-05-17T22:00:00.000Z","4,157.68","4,202.20","4,153.50","4,198.05","3,980,500,000.00"
"2023-05-18T22:00:00.000Z","4,204.15","4,212.91","4,180.20","4,191.98","4,041,900,000.00"
"2023-05-21T22:00:00.000Z","4,190.78","4,209.22","4,179.68","4,192.63","3,728,520,000.00"
"2023-05-22T22:00:00.000Z","4,176.80","4,185.68","4,142.54","4,145.58","4,155,320,000.00"
"2023-05-23T22:00:00.000Z","4,132.96","4,132.96","4,103.98","4,115.24","3,739,160,000.00"
"2023-05-24T22:00:00.000Z","4,155.71","4,165.74","4,129.73","4,151.28","4,147,760,000.00"
"2023-05-25T22:00:00.000Z","4,156.16","4,212.87","4,156.16","4,205.45","3,715,460,000.00"
"2023-05-29T22:00:00.000Z","4,226.71","4,231.10","4,192.18","4,205.52","4,228,510,000.00"
"2023-05-30T22:00:00.000Z","4,190.74","4,195.44","4,166.15","4,179.83","5,980,670,000.00"
"2023-05-31T22:00:00.000Z","4,183.03","4,232.43","4,171.64","4,221.02","4,391,860,000.00"
"2023-06-01T22:00:00.000Z","4,241.01","4,290.67","4,241.01","4,282.37","4,454,200,000.00"
"2023-06-04T22:00:00.000Z","4,282.99","4,299.28","4,266.82","4,273.79","3,813,290,000.00"
"2023-06-05T22:00:00.000Z","4,271.34","4,288.33","4,263.09","4,283.85","3,996,560,000.00"
"2023-06-06T22:00:00.000Z","4,285.47","4,299.19","4,263.96","4,267.52","4,537,800,000.00"
"2023-06-07T22:00:00.000Z","4,268.69","4,298.01","4,261.07","4,293.93","3,826,740,000.00"
"2023-06-08T22:00:00.000Z","4,304.88","4,322.62","4,291.70","4,298.86","3,786,510,000.00"
"2023-06-11T22:00:00.000Z","4,308.32","4,340.13","4,304.37","4,338.93","3,945,670,000.00"
"2023-06-12T22:00:00.000Z","4,352.61","4,375.37","4,349.31","4,369.01","4,275,400,000.00"
"2023-06-13T22:00:00.000Z","4,366.29","4,391.82","4,337.85","4,372.59","4,252,110,000.00"
"2023-06-14T22:00:00.000Z","4,365.33","4,439.20","4,362.60","4,425.84","4,176,690,000.00"
"2023-06-15T22:00:00.000Z","4,440.95","4,448.47","4,407.44","4,409.59","6,848,600,000.00"
"2023-06-19T22:00:00.000Z","4,396.11","4,400.15","4,367.19","4,388.71","4,055,790,000.00"
"2023-06-20T22:00:00.000Z","4,380.01","4,386.22","4,360.14","4,365.69","3,709,330,000.00"
"2023-06-21T22:00:00.000Z","4,355.40","4,382.25","4,351.82","4,381.89","3,511,000,000.00"
"2023-06-22T22:00:00.000Z","4,354.17","4,366.55","4,341.34","4,348.33","6,053,620,000.00"
"2023-06-25T22:00:00.000Z","4,344.84","4,362.06","4,328.08","4,328.82","3,415,030,000.00"
"2023-06-26T22:00:00.000Z","4,337.36","4,384.42","4,335.00","4,378.41","3,573,500,000.00"
"2023-06-27T22:00:00.000Z","4,367.48","4,390.35","4,360.22","4,376.86","3,739,330,000.00"
"2023-06-28T22:00:00.000Z","4,374.94","4,398.39","4,371.97","4,396.44","3,696,660,000.00"
"2023-06-29T22:00:00.000Z","4,422.44","4,458.48","4,422.44","4,450.38","3,923,450,000.00"
"2023-07-02T22:00:00.000Z","4,450.48","4,456.46","4,442.29","4,455.59","2,034,280,000.00"
"2023-07-04T22:00:00.000Z","4,442.04","4,454.06","4,436.61","4,446.82","3,482,620,000.00"
"2023-07-05T22:00:00.000Z","4,422.62","4,422.62","4,385.05","4,411.59","3,682,020,000.00"
"2023-07-06T22:00:00.000Z","4,404.54","4,440.39","4,397.40","4,398.95","3,630,480,000.00"
"2023-07-09T22:00:00.000Z","4,394.23","4,412.60","4,389.92","4,409.53","3,429,600,000.00"
"2023-07-10T22:00:00.000Z","4,415.55","4,443.64","4,408.46","4,439.26","3,624,220,000.00"
"2023-07-11T22:00:00.000Z","4,467.69","4,488.34","4,463.23","4,472.16","3,920,290,000.00"
"2023-07-12T22:00:00.000Z","4,491.50","4,517.38","4,489.36","4,510.04","3,839,530,000.00"
"2023-07-13T22:00:00.000Z","4,514.61","4,527.76","4,499.56","4,505.42","3,647,450,000.00"
"2023-07-16T22:00:00.000Z","4,508.86","4,532.85","4,504.90","4,522.79","3,538,240,000.00"
"2023-07-17T22:00:00.000Z","4,521.78","4,562.30","4,514.59","4,554.98","4,090,010,000.00"
"2023-07-18T22:00:00.000Z","4,563.87","4,578.43","4,557.48","4,565.72","4,115,670,000.00"
"2023-07-19T22:00:00.000Z","4,554.38","4,564.74","4,527.56","4,534.87","3,761,770,000.00"
"2023-07-20T22:00:00.000Z","4,550.16","4,555.00","4,535.79","4,536.34","3,570,190,000.00"
"2023-07-23T22:00:00.000Z","4,543.39","4,563.41","4,541.29","4,554.64","3,856,250,000.00"
"2023-07-24T22:00:00.000Z","4,555.19","4,580.62","4,552.42","4,567.46","3,812,470,000.00"
"2023-07-25T22:00:00.000Z","4,558.96","4,582.47","4,547.58","4,566.75","3,990,290,000.00"
"2023-07-26T22:00:00.000Z","4,598.26","4,607.07","4,528.56","4,537.41","4,553,210,000.00"
"2023-07-27T22:00:00.000Z","4,565.75","4,590.16","4,564.01","4,582.23","3,981,010,000.00"
"2023-07-30T22:00:00.000Z","4,584.82","4,594.22","4,573.14","4,588.96","4,503,600,000.00"
"2023-07-31T22:00:00.000Z","4,578.83","4,584.62","4,567.53","4,576.73","4,042,370,000.00"
"2023-08-01T22:00:00.000Z","4,550.93","4,550.93","4,505.75","4,513.39","4,270,710,000.00"
"2023-08-02T22:00:00.000Z","4,494.27","4,519.49","4,485.54","4,501.89","4,149,120,000.00"
"2023-08-03T22:00:00.000Z","4,513.96","4,540.34","4,474.55","4,478.03","4,143,310,000.00"
"2023-08-06T22:00:00.000Z","4,491.58","4,519.84","4,491.15","4,518.44","3,493,920,000.00"
"2023-08-07T22:00:00.000Z","4,498.03","4,503.31","4,464.39","4,499.38","3,884,910,000.00"
"2023-08-08T22:00:00.000Z","4,501.57","4,502.44","4,461.33","4,467.71","3,803,100,000.00"
"2023-08-09T22:00:00.000Z","4,487.16","4,527.37","4,457.92","4,468.83","4,504,370,000.00"
"2023-08-10T22:00:00.000Z","4,450.69","4,476.23","4,443.98","4,464.05","3,753,290,000.00"
"2023-08-13T22:00:00.000Z","4,458.13","4,490.33","4,453.44","4,489.72","3,896,410,000.00"
"2023-08-14T22:00:00.000Z","4,478.87","4,478.87","4,432.19","4,437.86","3,832,250,000.00"
"2023-08-15T22:00:00.000Z","4,433.79","4,449.95","4,403.55","4,404.33","3,753,910,000.00"
"2023-08-16T22:00:00.000Z","4,416.32","4,421.17","4,364.83","4,370.36","3,943,700,000.00"
"2023-08-17T22:00:00.000Z","4,344.88","4,381.82","4,335.31","4,369.71","3,940,400,000.00"
"2023-08-20T22:00:00.000Z","4,380.28","4,407.55","4,360.30","4,399.77","3,726,850,000.00"
"2023-08-21T22:00:00.000Z","4,415.33","4,418.59","4,382.77","4,387.55","3,522,760,000.00"
"2023-08-22T22:00:00.000Z","4,396.44","4,443.18","4,396.44","4,436.01","3,837,270,000.00"
"2023-08-23T22:00:00.000Z","4,455.16","4,458.30","4,375.55","4,376.31","3,723,470,000.00"
"2023-08-24T22:00:00.000Z","4,389.38","4,418.46","4,356.29","4,405.71","3,296,180,000.00"
"2023-08-27T22:00:00.000Z","4,426.03","4,439.56","4,414.98","4,433.31","2,957,230,000.00"
"2023-08-28T22:00:00.000Z","4,432.75","4,500.14","4,431.68","4,497.63","3,354,820,000.00"
"2023-08-29T22:00:00.000Z","4,500.34","4,521.65","4,493.59","4,514.87","3,064,110,000.00"
"2023-08-30T22:00:00.000Z","4,517.01","4,532.26","4,507.39","4,507.66","3,946,360,000.00"
"2023-08-31T22:00:00.000Z","4,530.60","4,541.25","4,501.35","4,515.77","3,246,260,000.00"
"2023-09-04T22:00:00.000Z","4,510.06","4,514.29","4,496.01","4,496.83","3,526,250,000.00"
"2023-09-05T22:00:00.000Z","4,490.35","4,490.35","4,442.38","4,465.48","3,418,850,000.00"
"2023-09-06T22:00:00.000Z","4,434.55","4,457.81","4,430.46","4,451.14","3,763,760,000.00"
"2023-09-07T22:00:00.000Z","4,451.30","4,473.53","4,448.38","4,457.49","3,259,290,000.00"
"2023-09-10T22:00:00.000Z","4,480.98","4,490.77","4,467.89","4,487.46","3,369,920,000.00"
"2023-09-11T22:00:00.000Z","4,473.27","4,487.11","4,456.83","4,461.90","3,435,740,000.00"
"2023-09-12T22:00:00.000Z","4,462.65","4,479.39","4,453.52","4,467.44","3,529,430,000.00"
"2023-09-13T22:00:00.000Z","4,487.78","4,511.99","4,478.69","4,505.10","3,648,720,000.00"
"2023-09-14T22:00:00.000Z","4,497.98","4,497.98","4,447.21","4,450.32","6,932,230,000.00"
"2023-09-17T22:00:00.000Z","4,445.13","4,466.36","4,442.11","4,453.53","3,161,230,000.00"
"2023-09-18T22:00:00.000Z","4,445.41","4,449.85","4,416.61","4,443.95","3,614,880,000.00"
"2023-09-19T22:00:00.000Z","4,452.81","4,461.03","4,401.38","4,402.20","3,308,450,000.00"
"2023-09-20T22:00:00.000Z","4,374.36","4,375.70","4,329.17","4,330.00","3,662,340,000.00"
"2023-09-21T22:00:00.000Z","4,341.74","4,357.40","4,316.49","4,320.06","3,349,570,000.00"
"2023-09-24T22:00:00.000Z","4,310.62","4,338.51","4,302.70","4,337.44","3,195,650,000.00"
"2023-09-25T22:00:00.000Z","4,312.88","4,313.01","4,265.98","4,273.53","3,472,340,000.00"
"2023-09-26T22:00:00.000Z","4,282.63","4,292.07","4,238.63","4,274.51","3,875,880,000.00"
"2023-09-27T22:00:00.000Z","4,269.65","4,317.27","4,264.38","4,299.70","3,846,230,000.00"
"2023-09-28T22:00:00.000Z","4,328.18","4,333.15","4,274.86","4,288.05","3,865,960,000.00"
"2023-10-01T22:00:00.000Z","4,284.52","4,300.58","4,260.21","4,288.39","3,938,660,000.00"
"2023-10-02T22:00:00.000Z","4,269.75","4,281.15","4,216.45","4,229.45","3,953,830,000.00"
"2023-10-03T22:00:00.000Z","4,233.83","4,268.50","4,220.48","4,263.75","3,777,600,000.00"
"2023-10-04T22:00:00.000Z","4,259.31","4,267.13","4,225.91","4,258.19","3,581,470,000.00"
"2023-10-05T22:00:00.000Z","4,234.79","4,324.10","4,219.55","4,308.50","3,902,030,000.00"
"2023-10-08T22:00:00.000Z","4,289.02","4,341.73","4,283.79","4,335.66","3,174,630,000.00"
"2023-10-09T22:00:00.000Z","4,339.75","4,385.46","4,339.64","4,358.24","3,520,240,000.00"
"2023-10-10T22:00:00.000Z","4,366.59","4,378.64","4,345.34","4,376.95","3,601,660,000.00"
"2023-10-11T22:00:00.000Z","4,380.94","4,385.85","4,325.43","4,349.61","3,713,140,000.00"
"2023-10-12T22:00:00.000Z","4,360.49","4,377.10","4,311.97","4,327.78","3,566,560,000.00"
"2023-10-15T22:00:00.000Z","4,342.37","4,383.33","4,342.37","4,373.63","3,409,960,000.00"
"2023-10-16T22:00:00.000Z","4,345.23","4,393.57","4,337.54","4,373.20","3,794,850,000.00"
"2023-10-17T22:00:00.000Z","4,357.35","4,364.20","4,303.84","4,314.60","3,686,030,000.00"
"2023-10-18T22:00:00.000Z","4,321.36","4,339.54","4,269.69","4,278.00","3,969,730,000.00"
"2023-10-19T22:00:00.000Z","4,273.85","4,276.56","4,223.03","4,224.16","4,004,030,000.00"
"2023-10-22T22:00:00.000Z","4,210.40","4,255.84","4,189.22","4,217.04","3,776,100,000.00"
"2023-10-23T22:00:00.000Z","4,235.79","4,259.38","4,219.43","4,247.68","3,821,820,000.00"
"2023-10-24T22:00:00.000Z","4,232.42","4,232.42","4,181.42","4,186.77","3,869,370,000.00"
"2023-10-25T22:00:00.000Z","4,175.99","4,183.60","4,127.90","4,137.23","4,277,640,000.00"
"2023-10-26T22:00:00.000Z","4,152.93","4,156.70","4,103.78","4,117.37","4,019,500,000.00"
"2023-10-29T23:00:00.000Z","4,139.39","4,177.47","4,132.94","4,166.82","3,911,140,000.00"
"2023-10-30T23:00:00.000Z","4,171.33","4,195.55","4,153.12","4,193.80","4,249,470,000.00"
"2023-10-31T23:00:00.000Z","4,201.27","4,245.64","4,197.74","4,237.86","4,224,900,000.00"
"2023-11-01T23:00:00.000Z","4,268.26","4,319.72","4,268.26","4,317.78","4,669,780,000.00"
"2023-11-02T23:00:00.000Z","4,334.23","4,373.62","4,334.23","4,358.34","4,570,960,000.00"
"2023-11-05T23:00:00.000Z","4,364.27","4,372.21","4,347.53","4,365.98","3,656,340,000.00"
"2023-11-06T23:00:00.000Z","4,366.21","4,386.26","4,355.41","4,378.38","3,791,230,000.00"
"2023-11-07T23:00:00.000Z","4,384.37","4,391.20","4,359.76","4,382.78","3,729,510,000.00"
"2023-11-08T23:00:00.000Z","4,391.41","4,393.40","4,343.94","4,347.35","3,900,780,000.00"
"2023-11-09T23:00:00.000Z","4,364.15","4,418.03","4,353.34","4,415.24","3,665,080,000.00"
"2023-11-12T23:00:00.000Z","4,406.66","4,421.76","4,393.82","4,411.55","3,326,240,000.00"
"2023-11-13T23:00:00.000Z","4,458.97","4,508.67","4,458.97","4,495.70","4,700,350,000.00"
"2023-11-14T23:00:00.000Z","4,505.30","4,521.17","4,495.31","4,502.88","4,347,170,000.00"
"2023-11-15T23:00:00.000Z","4,497.08","4,511.99","4,487.83","4,508.24","3,964,520,000.00"
"2023-11-16T23:00:00.000Z","4,509.55","4,520.12","4,499.66","4,514.02","3,777,240,000.00"
"2023-11-19T23:00:00.000Z","4,511.70","4,557.11","4,510.36","4,547.38","3,644,790,000.00"
"2023-11-20T23:00:00.000Z","4,538.77","4,542.14","4,525.51","4,538.19","3,511,080,000.00"
"2023-11-21T23:00:00.000Z","4,553.04","4,568.43","4,545.05","4,556.62","3,042,810,000.00"
"2023-11-23T23:00:00.000Z","4,555.84","4,560.31","4,552.80","4,559.34","1,639,500,000.00"
"2023-11-26T23:00:00.000Z","4,554.86","4,560.52","4,546.32","4,550.43","3,403,990,000.00"
"2023-11-27T23:00:00.000Z","4,545.55","4,568.14","4,540.51","4,554.89","3,586,240,000.00"
"2023-11-28T23:00:00.000Z","4,571.84","4,587.64","4,547.15","4,550.58","4,418,760,000.00"
"2023-11-29T23:00:00.000Z","4,554.87","4,569.89","4,537.24","4,567.80","5,399,300,000.00"
"2023-11-30T23:00:00.000Z","4,559.43","4,599.39","4,554.71","4,594.63","4,397,120,000.00"
"2023-12-03T23:00:00.000Z","4,564.37","4,572.37","4,546.72","4,569.78","4,369,910,000.00"
"2023-12-04T23:00:00.000Z","4,557.25","4,578.56","4,551.68","4,567.18","3,909,950,000.00"
"2023-12-05T23:00:00.000Z","4,586.23","4,590.74","4,546.50","4,549.34","4,245,680,000.00"
"2023-12-06T23:00:00.000Z","4,568.84","4,590.92","4,565.22","4,585.59","3,818,880,000.00"
"2023-12-07T23:00:00.000Z","4,576.20","4,609.23","4,574.06","4,604.37","3,707,010,000.00"
"2023-12-10T23:00:00.000Z","4,593.39","4,623.71","4,593.39","4,622.44","3,823,210,000.00"
"2023-12-11T23:00:00.000Z","4,618.30","4,643.93","4,608.09","4,643.70","3,808,380,000.00"
"2023-12-12T23:00:00.000Z","4,646.20","4,709.69","4,643.23","4,707.09","5,063,650,000.00"
"2023-12-13T23:00:00.000Z","4,721.04","4,738.57","4,694.34","4,719.55","6,314,040,000.00"
"2023-12-14T23:00:00.000Z","4,714.23","4,725.53","4,704.69","4,719.19","8,218,980,000.00"
"2023-12-17T23:00:00.000Z","4,725.58","4,749.52","4,725.58","4,740.56","4,060,340,000.00"
"2023-12-18T23:00:00.000Z","4,743.72","4,768.69","4,743.72","4,768.37","4,026,970,000.00"
"2023-12-19T23:00:00.000Z","4,764.73","4,778.01","4,697.82","4,698.35","4,201,320,000.00"
"2023-12-20T23:00:00.000Z","4,724.29","4,748.71","4,708.35","4,746.75","3,431,180,000.00"
"2023-12-21T23:00:00.000Z","4,753.92","4,772.94","4,736.77","4,754.63","3,046,770,000.00"
"2023-12-25T23:00:00.000Z","4,758.86","4,784.72","4,758.45","4,774.75","2,513,910,000.00"
"2023-12-26T23:00:00.000Z","4,773.45","4,785.39","4,768.90","4,781.58","2,748,450,000.00"
"2023-12-27T23:00:00.000Z","4,786.44","4,793.30","4,780.98","4,783.35","2,698,860,000.00"
"2023-12-28T23:00:00.000Z","4,782.88","4,788.43","4,751.99","4,769.83","3,126,060,000.00"
"2024-01-01T23:00:00.000Z","4,745.20","4,754.33","4,722.67","4,742.83","3,743,050,000.00"
"2024-01-02T23:00:00.000Z","4,725.07","4,729.29","4,699.71","4,704.81","3,950,760,000.00"
"2024-01-03T23:00:00.000Z","4,697.42","4,726.78","4,687.53","4,688.68","3,715,480,000.00"
"2024-01-04T23:00:00.000Z","4,690.57","4,721.49","4,682.11","4,697.24","3,844,370,000.00"
"2024-01-07T23:00:00.000Z","4,703.70","4,764.54","4,699.82","4,763.54","3,742,320,000.00"
"2024-01-08T23:00:00.000Z","4,741.93","4,765.47","4,730.35","4,756.50","3,529,960,000.00"
"2024-01-09T23:00:00.000Z","4,759.94","4,790.80","4,756.20","4,783.45","3,498,680,000.00"
"2024-01-10T23:00:00.000Z","4,792.13","4,798.50","4,739.58","4,780.24","3,759,890,000.00"
"2024-01-11T23:00:00.000Z","4,791.18","4,802.40","4,768.98","4,783.83","3,486,340,000.00"
"2024-01-15T23:00:00.000Z","4,772.35","4,782.34","4,747.12","4,765.98","4,260,550,000.00"
"2024-01-16T23:00:00.000Z","4,739.13","4,744.23","4,714.82","4,739.21","3,928,600,000.00"
"2024-01-17T23:00:00.000Z","4,760.10","4,785.79","4,740.57","4,780.94","4,019,000,000.00"
"2024-01-18T23:00:00.000Z","4,796.28","4,842.07","4,785.87","4,839.81","4,287,200,000.00"
"2024-01-21T23:00:00.000Z","4,853.42","4,868.41","4,844.05","4,850.43","4,297,610,000.00"
"2024-01-22T23:00:00.000Z","4,856.80","4,866.48","4,844.37","4,864.60","3,912,800,000.00"
"2024-01-23T23:00:00.000Z","4,888.56","4,903.68","4,865.94","4,868.55","4,330,030,000.00"
"2024-01-24T23:00:00.000Z","4,886.66","4,898.15","4,869.34","4,894.16","4,020,430,000.00"
"2024-01-25T23:00:00.000Z","4,888.91","4,906.69","4,881.47","4,890.97","3,353,400,000.00"
"2024-01-28T23:00:00.000Z","4,892.95","4,929.31","4,887.40","4,927.93","3,525,160,000.00"
"2024-01-29T23:00:00.000Z","4,925.89","4,931.09","4,916.27","4,924.97","3,836,130,000.00"
"2024-01-30T23:00:00.000Z","4,899.19","4,906.75","4,845.15","4,845.65","4,696,120,000.00"
"2024-01-31T23:00:00.000Z","4,861.11","4,906.97","4,853.52","4,906.19","4,386,090,000.00"
"2024-02-01T23:00:00.000Z","4,916.06","4,975.29","4,907.99","4,958.61","3,974,350,000.00"
"2024-02-04T23:00:00.000Z","4,957.19","4,957.19","4,918.09","4,942.81","4,023,640,000.00"
"2024-02-05T23:00:00.000Z","4,950.16","4,957.77","4,934.88","4,954.23","4,440,880,000.00"
"2024-02-06T23:00:00.000Z","4,973.05","4,999.89","4,969.05","4,995.06","4,895,590,000.00"
"2024-02-07T23:00:00.000Z","4,995.16","5,000.40","4,987.09","4,997.91","4,341,860,000.00"
"2024-02-08T23:00:00.000Z","5,004.17","5,030.06","5,000.34","5,026.61","3,912,990,000.00"
"2024-02-11T23:00:00.000Z","5,026.83","5,048.39","5,016.83","5,021.84","3,805,740,000.00"
"2024-02-12T23:00:00.000Z","4,967.94","4,971.30","4,920.31","4,953.17","4,302,190,000.00"
"2024-02-13T23:00:00.000Z","4,976.44","5,002.52","4,956.45","5,000.62","3,845,600,000.00"
"2024-02-14T23:00:00.000Z","5,003.14","5,032.72","4,999.44","5,029.73","4,137,970,000.00"
"2024-02-15T23:00:00.000Z","5,031.13","5,038.70","4,999.52","5,005.57","3,833,270,000.00"
"2024-02-19T23:00:00.000Z","4,989.32","4,993.71","4,955.02","4,975.51","4,034,880,000.00"
"2024-02-20T23:00:00.000Z","4,963.03","4,983.21","4,946.00","4,981.80","3,788,390,000.00"
"2024-02-21T23:00:00.000Z","5,038.83","5,094.39","5,038.83","5,087.03","4,051,710,000.00"
"2024-02-22T23:00:00.000Z","5,100.92","5,111.06","5,081.46","5,088.80","3,672,790,000.00"
"2024-02-25T23:00:00.000Z","5,093.00","5,097.66","5,068.91","5,069.53","3,683,930,000.00"
"2024-02-26T23:00:00.000Z","5,074.60","5,080.69","5,057.29","5,078.18","3,925,950,000.00"
"2024-02-27T23:00:00.000Z","5,067.20","5,077.37","5,058.35","5,069.76","3,789,370,000.00"
"2024-02-28T23:00:00.000Z","5,085.36","5,104.99","5,061.89","5,096.27","5,219,740,000.00"
"2024-02-29T23:00:00.000Z","5,098.51","5,140.33","5,094.16","5,137.08","4,748,110,000.00"
"2024-03-03T23:00:00.000Z","5,130.99","5,149.67","5,127.18","5,130.95","4,758,440,000.00"
"2024-03-04T23:00:00.000Z","5,110.52","5,114.54","5,056.82","5,078.65","4,418,410,000.00"
"2024-03-05T23:00:00.000Z","5,108.03","5,127.97","5,092.22","5,104.76","4,559,050,000.00"
"2024-03-06T23:00:00.000Z","5,132.38","5,165.62","5,128.21","5,157.36","4,137,980,000.00"
"2024-03-07T23:00:00.000Z","5,164.46","5,189.26","5,117.50","5,123.69","4,208,870,000.00"
"2024-03-10T23:00:00.000Z","5,111.96","5,124.66","5,091.14","5,117.94","3,896,430,000.00"
"2024-03-11T23:00:00.000Z","5,134.30","5,179.87","5,114.48","5,175.27","4,080,510,000.00"
"2024-03-12T23:00:00.000Z","5,173.49","5,179.14","5,151.88","5,165.31","4,282,890,000.00"
"2024-03-13T23:00:00.000Z","5,175.14","5,176.85","5,123.30","5,150.48","4,687,970,000.00"
"2024-03-14T23:00:00.000Z","5,123.31","5,136.86","5,104.35","5,117.09","7,753,670,000.00"
"2024-03-17T23:00:00.000Z","5,154.77","5,175.60","5,145.47","5,149.42","4,036,220,000.00"
"2024-03-18T23:00:00.000Z","5,139.09","5,180.31","5,131.59","5,178.51","4,031,760,000.00"
"2024-03-19T23:00:00.000Z","5,181.69","5,226.19","5,171.55","5,224.62","4,064,850,000.00"
"2024-03-20T23:00:00.000Z","5,253.43","5,261.10","5,240.66","5,241.53","4,207,730,000.00"
"2024-03-21T23:00:00.000Z","5,242.48","5,246.09","5,229.87","5,234.18","3,374,700,000.00"
"2024-03-24T23:00:00.000Z","5,219.52","5,229.09","5,216.09","5,218.19","3,331,360,000.00"
"2024-03-25T23:00:00.000Z","5,228.85","5,235.16","5,203.42","5,203.58","3,871,790,000.00"
"2024-03-26T23:00:00.000Z","5,226.31","5,249.26","5,213.92","5,248.49","3,850,500,000.00"
"2024-03-27T23:00:00.000Z","5,248.03","5,264.85","5,245.82","5,254.35","3,998,270,000.00"
"2024-03-31T22:00:00.000Z","5,257.97","5,263.95","5,229.20","5,243.77","3,325,930,000.00"
"2024-04-01T22:00:00.000Z","5,204.29","5,208.34","5,184.05","5,205.81","3,886,590,000.00"
"2024-04-02T22:00:00.000Z","5,194.37","5,228.75","5,194.37","5,211.49","3,703,250,000.00"
"2024-04-03T22:00:00.000Z","5,244.05","5,256.59","5,146.06","5,147.21","4,075,680,000.00"
"2024-04-04T22:00:00.000Z","5,158.95","5,222.18","5,157.21","5,204.34","3,386,780,000.00"
"2024-04-07T22:00:00.000Z","5,211.37","5,219.57","5,197.35","5,202.39","3,278,180,000.00"
"2024-04-08T22:00:00.000Z","5,217.03","5,224.81","5,160.78","5,209.91","3,400,680,000.00"
"2024-04-09T22:00:00.000Z","5,167.88","5,178.43","5,138.70","5,160.64","3,845,930,000.00"
"2024-04-10T22:00:00.000Z","5,172.95","5,211.78","5,138.77","5,199.06","3,509,380,000.00"
"2024-04-11T22:00:00.000Z","5,171.51","5,175.03","5,107.94","5,123.41","3,963,220,000.00"
"2024-04-14T22:00:00.000Z","5,149.67","5,168.43","5,052.47","5,061.82","3,950,210,000.00"
"2024-04-15T22:00:00.000Z","5,064.59","5,079.84","5,039.83","5,051.41","4,006,200,000.00"
"2024-04-16T22:00:00.000Z","5,068.97","5,077.96","5,007.25","5,022.21","3,596,130,000.00"
"2024-04-17T22:00:00.000Z","5,031.52","5,056.66","5,001.89","5,011.12","3,619,760,000.00"
"2024-04-18T22:00:00.000Z","5,005.44","5,019.02","4,953.56","4,967.23","3,878,750,000.00"
"2024-04-21T22:00:00.000Z","4,987.33","5,038.84","4,969.40","5,010.60","3,820,250,000.00"
"2024-04-22T22:00:00.000Z","5,028.85","5,076.12","5,027.96","5,070.55","3,751,400,000.00"
"2024-04-23T22:00:00.000Z","5,084.86","5,089.48","5,047.02","5,071.63","3,656,740,000.00"
"2024-04-24T22:00:00.000Z","5,019.88","5,057.75","4,990.58","5,048.42","3,958,050,000.00"
"2024-04-25T22:00:00.000Z","5,084.65","5,114.62","5,073.14","5,099.96","3,604,140,000.00"
"2024-04-28T22:00:00.000Z","5,114.13","5,123.49","5,088.65","5,116.17","3,447,450,000.00"
"2024-04-29T22:00:00.000Z","5,103.78","5,110.83","5,035.31","5,035.69","4,082,470,000.00"
"2024-04-30T22:00:00.000Z","5,029.03","5,096.12","5,013.45","5,018.39","4,544,170,000.00"
"2024-05-01T22:00:00.000Z","5,049.32","5,073.21","5,011.05","5,064.20","4,381,660,000.00"
"2024-05-02T22:00:00.000Z","5,122.78","5,139.12","5,101.22","5,127.79","3,924,990,000.00"
"2024-05-05T22:00:00.000Z","5,142.42","5,181.00","5,142.42","5,180.74","3,683,250,000.00"
"2024-05-06T22:00:00.000Z","5,187.20","5,200.23","5,178.96","5,187.70","3,987,890,000.00"
"2024-05-07T22:00:00.000Z","5,168.98","5,191.95","5,165.86","5,187.67","3,842,100,000.00"
"2024-05-08T22:00:00.000Z","5,189.03","5,215.30","5,180.41","5,214.08","3,727,370,000.00"
"2024-05-09T22:00:00.000Z","5,225.49","5,239.66","5,209.68","5,222.68","3,617,900,000.00"
"2024-05-12T22:00:00.000Z","5,233.08","5,237.26","5,211.16","5,221.42","4,255,710,000.00"
"2024-05-13T22:00:00.000Z","5,221.10","5,250.37","5,217.98","5,246.68","4,763,580,000.00"
"2024-05-14T22:00:00.000Z","5,263.26","5,311.76","5,263.26","5,308.15","4,360,810,000.00"
"2024-05-15T22:00:00.000Z","5,310.07","5,325.49","5,296.19","5,297.10","3,817,470,000.00"
"2024-05-16T22:00:00.000Z","5,303.10","5,305.45","5,283.59","5,303.27","3,578,120,000.00"
"2024-05-19T22:00:00.000Z","5,305.35","5,325.32","5,302.40","5,308.13","3,420,100,000.00"
"2024-05-20T22:00:00.000Z","5,298.69","5,324.32","5,297.87","5,321.41","3,662,240,000.00"
"2024-05-21T22:00:00.000Z","5,319.28","5,323.18","5,286.01","5,307.01","3,847,130,000.00"
"2024-05-22T22:00:00.000Z","5,340.26","5,341.88","5,256.93","5,267.84","3,869,520,000.00"
"2024-05-23T22:00:00.000Z","5,281.45","5,311.65","5,278.39","5,304.72","3,005,510,000.00"
"2024-05-27T22:00:00.000Z","5,315.91","5,315.91","5,280.89","5,306.04","3,751,540,000.00"
"2024-05-28T22:00:00.000Z","5,278.73","5,282.27","5,262.70","5,266.95","3,552,750,000.00"
"2024-05-29T22:00:00.000Z","5,259.77","5,260.21","5,222.10","5,235.48","3,818,750,000.00"
"2024-05-30T22:00:00.000Z","5,243.21","5,280.33","5,191.68","5,277.51","5,437,160,000.00"
"2024-06-02T22:00:00.000Z","5,297.15","5,302.11","5,234.32","5,283.40","4,046,920,000.00"
"2024-06-03T22:00:00.000Z","5,278.24","5,298.80","5,257.63","5,291.34","3,707,900,000.00"
"2024-06-04T22:00:00.000Z","5,314.48","5,354.16","5,297.64","5,354.03","3,591,460,000.00"
"2024-06-05T22:00:00.000Z","5,357.80","5,362.35","5,335.36","5,352.96","3,609,990,000.00"
"2024-06-06T22:00:00.000Z","5,343.81","5,375.08","5,331.33","5,346.99","3,692,760,000.00"
"2024-06-09T22:00:00.000Z","5,341.22","5,365.79","5,331.52","5,360.79","3,622,280,000.00"
"2024-06-10T22:00:00.000Z","5,353.00","5,375.95","5,327.25","5,375.32","3,568,030,000.00"
"2024-06-11T22:00:00.000Z","5,409.13","5,447.25","5,409.13","5,421.03","3,962,840,000.00"
"2024-06-12T22:00:00.000Z","5,441.93","5,441.93","5,402.51","5,433.74","3,530,380,000.00"
"2024-06-13T22:00:00.000Z","5,424.08","5,432.39","5,403.75","5,431.60","3,438,650,000.00"
"2024-06-16T22:00:00.000Z","5,431.11","5,488.50","5,420.40","5,473.23","3,447,840,000.00"
"2024-06-17T22:00:00.000Z","5,476.15","5,490.38","5,471.32","5,487.03","3,544,330,000.00"
"2024-06-19T22:00:00.000Z","5,499.99","5,505.53","5,455.56","5,473.17","3,847,060,000.00"
"2024-06-20T22:00:00.000Z","5,466.77","5,478.31","5,452.03","5,464.62","6,773,800,000.00"
"2024-06-23T22:00:00.000Z","5,459.58","5,490.66","5,447.59","5,447.87","3,696,750,000.00"
"2024-06-24T22:00:00.000Z","5,460.73","5,472.88","5,446.56","5,469.30","3,591,960,000.00"
"2024-06-25T22:00:00.000Z","5,460.71","5,483.14","5,451.87","5,477.90","3,563,920,000.00"
"2024-06-26T22:00:00.000Z","5,473.59","5,490.81","5,467.54","5,482.87","3,589,530,000.00"
"2024-06-27T22:00:00.000Z","5,488.48","5,523.64","5,451.12","5,460.48","7,199,220,000.00"
"2024-06-30T22:00:00.000Z","5,471.08","5,479.55","5,446.53","5,475.09","3,488,760,000.00"
"2024-07-01T22:00:00.000Z","5,461.84","5,509.69","5,458.43","5,509.01","3,329,950,000.00"
"2024-07-02T22:00:00.000Z","5,507.44","5,539.27","5,507.42","5,537.02","2,179,470,000.00"
"2024-07-04T22:00:00.000Z","5,537.91","5,570.33","5,531.63","5,567.19","3,253,080,000.00"
"2024-07-07T22:00:00.000Z","5,572.75","5,583.11","5,562.51","5,572.85","3,185,670,000.00"
"2024-07-08T22:00:00.000Z","5,584.24","5,590.75","5,574.57","5,576.98","3,232,920,000.00"
"2024-07-09T22:00:00.000Z","5,591.26","5,635.39","5,586.44","5,633.91","3,336,100,000.00"
"2024-07-10T22:00:00.000Z","5,635.21","5,642.45","5,576.53","5,584.54","4,020,950,000.00"
"2024-07-11T22:00:00.000Z","5,590.76","5,655.56","5,590.44","5,615.35","3,700,280,000.00"
"2024-07-14T22:00:00.000Z","5,638.16","5,666.94","5,614.75","5,631.22","3,620,470,000.00"
"2024-07-15T22:00:00.000Z","5,644.09","5,669.67","5,639.02","5,667.20","4,041,760,000.00"
"2024-07-16T22:00:00.000Z","5,610.07","5,622.49","5,584.81","5,588.27","4,246,450,000.00"
"2024-07-17T22:00:00.000Z","5,608.56","5,614.05","5,522.81","5,544.59","4,007,510,000.00"
"2024-07-18T22:00:00.000Z","5,543.37","5,557.50","5,497.04","5,505.00","3,760,570,000.00"
"2024-07-21T22:00:00.000Z","5,544.54","5,570.36","5,529.04","5,564.41","3,375,180,000.00"
"2024-07-22T22:00:00.000Z","5,565.30","5,585.34","5,550.90","5,555.74","3,500,210,000.00"
"2024-07-23T22:00:00.000Z","5,505.84","5,508.04","5,419.98","5,427.13","3,945,550,000.00"
"2024-07-24T22:00:00.000Z","5,428.70","5,491.59","5,390.95","5,399.22","4,592,120,000.00"
"2024-07-25T22:00:00.000Z","5,433.67","5,488.32","5,430.70","5,459.10","3,638,770,000.00"
"2024-07-28T22:00:00.000Z","5,476.55","5,487.74","5,444.44","5,463.54","3,379,970,000.00"
"2024-07-29T22:00:00.000Z","5,478.73","5,489.46","5,401.70","5,436.44","3,777,740,000.00"
"2024-07-30T22:00:00.000Z","5,505.59","5,551.51","5,493.75","5,522.30","4,546,910,000.00"
"2024-07-31T22:00:00.000Z","5,537.84","5,566.16","5,410.42","5,446.68","4,703,620,000.00"
"2024-08-01T22:00:00.000Z","5,376.63","5,383.89","5,302.03","5,346.56","5,156,450,000.00"
"2024-08-04T22:00:00.000Z","5,151.14","5,250.89","5,119.26","5,186.33","5,333,250,000.00"
"2024-08-05T22:00:00.000Z","5,206.42","5,312.34","5,193.56","5,240.03","4,690,190,000.00"
"2024-08-06T22:00:00.000Z","5,293.13","5,330.64","5,195.54","5,199.50","4,558,260,000.00"
"2024-08-07T22:00:00.000Z","5,252.57","5,328.03","5,233.85","5,319.31","4,016,830,000.00"
"2024-08-08T22:00:00.000Z","5,314.66","5,358.67","5,300.84","5,344.16","3,516,400,000.00"
"2024-08-11T22:00:00.000Z","5,351.88","5,371.20","5,324.37","5,344.39","3,360,160,000.00"
"2024-08-12T22:00:00.000Z","5,376.98","5,436.50","5,376.98","5,434.43","3,648,980,000.00"
"2024-08-13T22:00:00.000Z","5,442.36","5,463.22","5,415.91","5,455.21","3,380,050,000.00"
"2024-08-14T22:00:00.000Z","5,501.13","5,546.23","5,501.13","5,543.22","3,723,310,000.00"
"2024-08-15T22:00:00.000Z","5,530.50","5,561.98","5,525.17","5,554.25","3,357,690,000.00"
"2024-08-18T22:00:00.000Z","5,557.23","5,608.30","5,550.74","5,608.25","3,222,050,000.00"
"2024-08-19T22:00:00.000Z","5,602.88","5,620.51","5,585.50","5,597.12","2,994,420,000.00"
"2024-08-20T22:00:00.000Z","5,603.09","5,632.68","5,591.57","5,620.85","3,119,670,000.00"
"2024-08-21T22:00:00.000Z","5,637.77","5,643.22","5,560.95","5,570.64","2,981,530,000.00"
"2024-08-22T22:00:00.000Z","5,602.49","5,641.82","5,585.16","5,634.61","3,291,940,000.00"
"2024-08-25T22:00:00.000Z","5,639.66","5,651.62","5,602.34","5,616.84","2,938,570,000.00"
"2024-08-26T22:00:00.000Z","5,602.89","5,631.18","5,593.48","5,625.80","2,798,990,000.00"
"2024-08-27T22:00:00.000Z","5,624.51","5,627.03","5,560.95","5,592.18","3,053,450,000.00"
"2024-08-28T22:00:00.000Z","5,607.30","5,646.95","5,583.71","5,591.96","3,065,640,000.00"
"2024-08-29T22:00:00.000Z","5,612.74","5,651.37","5,581.79","5,648.40","4,185,850,000.00"
"2024-09-02T22:00:00.000Z","5,623.89","5,623.89","5,504.33","5,528.93","3,866,350,000.00"
"2024-09-03T22:00:00.000Z","5,506.68","5,552.99","5,503.66","5,520.07","3,478,140,000.00"
"2024-09-04T22:00:00.000Z","5,520.08","5,546.30","5,480.54","5,503.41","3,521,650,000.00"
"2024-09-05T22:00:00.000Z","5,507.33","5,522.47","5,402.62","5,408.42","3,822,800,000.00"
"2024-09-08T22:00:00.000Z","5,442.07","5,484.20","5,434.49","5,471.05","3,825,940,000.00"
"2024-09-09T22:00:00.000Z","5,490.51","5,497.91","5,441.72","5,495.52","3,848,180,000.00"
"2024-09-10T22:00:00.000Z","5,496.42","5,560.41","5,406.96","5,554.13","3,839,450,000.00"
"2024-09-11T22:00:00.000Z","5,557.48","5,600.71","5,535.50","5,595.76","3,655,070,000.00"
"2024-09-12T22:00:00.000Z","5,603.34","5,636.27","5,601.65","5,626.02","3,500,790,000.00"
"2024-09-15T22:00:00.000Z","5,615.21","5,636.05","5,604.53","5,633.09","3,437,070,000.00"
"2024-09-16T22:00:00.000Z","5,655.51","5,670.81","5,614.05","5,634.58","3,443,600,000.00"
"2024-09-17T22:00:00.000Z","5,641.68","5,689.75","5,615.08","5,618.26","3,691,390,000.00"
"2024-09-18T22:00:00.000Z","5,702.63","5,733.57","5,686.42","5,713.64","4,024,530,000.00"
"2024-09-19T22:00:00.000Z","5,709.64","5,715.14","5,674.49","5,702.55","7,867,260,000.00"
"2024-09-22T22:00:00.000Z","5,711.90","5,725.36","5,704.22","5,718.57","3,529,550,000.00"
"2024-09-23T22:00:00.000Z","5,727.66","5,735.32","5,698.99","5,732.93","3,872,710,000.00"
"2024-09-24T22:00:00.000Z","5,733.65","5,741.03","5,712.06","5,722.26","3,624,910,000.00"
"2024-09-25T22:00:00.000Z","5,762.22","5,767.37","5,721.01","5,745.37","4,391,180,000.00"
"2024-09-26T22:00:00.000Z","5,755.36","5,763.78","5,727.34","5,738.17","3,898,530,000.00"
"2024-09-29T22:00:00.000Z","5,726.52","5,765.14","5,703.53","5,762.48","4,425,730,000.00"
"2024-09-30T22:00:00.000Z","5,757.73","5,757.73","5,681.28","5,708.75","4,025,180,000.00"
"2024-10-01T22:00:00.000Z","5,698.14","5,719.63","5,674.00","5,709.54","3,829,050,000.00"
"2024-10-02T22:00:00.000Z","5,698.19","5,718.78","5,677.37","5,699.94","3,597,450,000.00"
"2024-10-03T22:00:00.000Z","5,737.48","5,753.21","5,702.83","5,751.07","3,479,400,000.00"
"2024-10-06T22:00:00.000Z","5,737.80","5,739.34","5,686.85","5,695.94","3,637,790,000.00"
"2024-10-07T22:00:00.000Z","5,719.14","5,757.60","5,714.56","5,751.13","3,393,400,000.00"
"2024-10-08T22:00:00.000Z","5,751.80","5,796.80","5,745.02","5,792.04","3,650,340,000.00"
"2024-10-09T22:00:00.000Z","5,778.36","5,795.03","5,764.76","5,780.05","3,208,790,000.00"
"2024-10-10T22:00:00.000Z","5,775.09","5,822.13","5,775.09","5,815.03","3,208,720,000.00"
"2024-10-13T22:00:00.000Z","5,829.81","5,871.41","5,829.57","5,859.85","3,005,250,000.00"
"2024-10-14T22:00:00.000Z","5,866.74","5,870.36","5,804.48","5,815.26","3,882,120,000.00"
"2024-10-15T22:00:00.000Z","5,816.58","5,846.52","5,808.34","5,842.47","3,467,230,000.00"
"2024-10-16T22:00:00.000Z","5,875.62","5,878.46","5,840.25","5,841.47","3,480,010,000.00"
"2024-10-17T22:00:00.000Z","5,859.43","5,872.17","5,846.11","5,864.67","3,374,490,000.00"
"2024-10-20T22:00:00.000Z","5,857.82","5,866.92","5,824.79","5,853.98","3,407,010,000.00"
"2024-10-21T22:00:00.000Z","5,832.70","5,863.04","5,821.17","5,851.20","3,342,080,000.00"
"2024-10-22T22:00:00.000Z","5,834.50","5,834.85","5,762.41","5,797.42","3,532,650,000.00"
"2024-10-23T22:00:00.000Z","5,817.80","5,817.80","5,784.92","5,809.86","3,543,030,000.00"
"2024-10-24T22:00:00.000Z","5,826.75","5,862.82","5,799.98","5,808.12","3,501,280,000.00"
"2024-10-27T23:00:00.000Z","5,833.93","5,842.92","5,823.08","5,823.52","3,691,280,000.00"
"2024-10-28T23:00:00.000Z","5,819.68","5,847.19","5,802.17","5,832.92","3,879,100,000.00"
"2024-10-29T23:00:00.000Z","5,832.65","5,850.94","5,811.28","5,813.67","3,851,120,000.00"
"2024-10-30T23:00:00.000Z","5,775.34","5,775.34","5,702.86","5,705.45","4,425,660,000.00"
"2024-10-31T23:00:00.000Z","5,723.22","5,772.52","5,723.22","5,728.80","3,796,450,000.00"
"2024-11-03T23:00:00.000Z","5,725.15","5,741.43","5,696.51","5,712.69","3,602,060,000.00"
"2024-11-04T23:00:00.000Z","5,722.43","5,783.44","5,722.10","5,782.76","3,768,310,000.00"
"2024-11-05T23:00:00.000Z","5,864.89","5,936.14","5,864.89","5,929.04","6,329,530,000.00"
"2024-11-06T23:00:00.000Z","5,947.21","5,983.84","5,947.21","5,973.10","4,925,740,000.00"
"2024-11-07T23:00:00.000Z","5,976.76","6,012.45","5,976.76","5,995.54","4,666,740,000.00"
"2024-11-10T23:00:00.000Z","6,008.86","6,017.31","5,986.69","6,001.35","4,333,000,000.00"
"2024-11-11T23:00:00.000Z","6,003.60","6,009.92","5,960.08","5,983.99","4,243,400,000.00"
"2024-11-12T23:00:00.000Z","5,985.75","6,008.19","5,965.91","5,985.38","4,220,180,000.00"
"2024-11-13T23:00:00.000Z","5,989.68","5,993.88","5,942.28","5,949.17","4,184,570,000.00"
"2024-11-14T23:00:00.000Z","5,912.79","5,915.32","5,853.01","5,870.62","4,590,960,000.00"
"2024-11-17T23:00:00.000Z","5,874.17","5,908.12","5,865.95","5,893.62","3,983,860,000.00"
"2024-11-18T23:00:00.000Z","5,870.05","5,923.51","5,855.29","5,916.98","4,036,940,000.00"
"2024-11-19T23:00:00.000Z","5,914.34","5,920.67","5,860.56","5,917.11","3,772,620,000.00"
"2024-11-20T23:00:00.000Z","5,940.58","5,963.32","5,887.26","5,948.71","4,230,120,000.00"
"2024-11-21T23:00:00.000Z","5,944.36","5,972.90","5,944.36","5,969.34","4,141,420,000.00"
"2024-11-24T23:00:00.000Z","5,992.28","6,020.75","5,963.91","5,987.37","5,633,150,000.00"
"2024-11-25T23:00:00.000Z","6,000.03","6,025.42","5,992.27","6,021.63","3,835,170,000.00"
"2024-11-26T23:00:00.000Z","6,014.11","6,020.16","5,984.87","5,998.74","3,363,340,000.00"
"2024-11-28T23:00:00.000Z","6,003.98","6,044.17","6,003.98","6,032.38","2,444,420,000.00"
"2024-12-01T23:00:00.000Z","6,040.11","6,053.58","6,035.33","6,047.15","4,412,470,000.00"
"2024-12-02T23:00:00.000Z","6,042.97","6,052.07","6,033.39","6,049.88","4,095,000,000.00"
"2024-12-03T23:00:00.000Z","6,069.39","6,089.84","6,061.06","6,086.49","4,003,390,000.00"
"2024-12-04T23:00:00.000Z","6,089.03","6,094.55","6,072.90","6,075.11","4,212,020,000.00"
"2024-12-05T23:00:00.000Z","6,081.38","6,099.97","6,079.98","6,090.27","3,924,830,000.00"
"2024-12-08T23:00:00.000Z","6,083.01","6,088.51","6,048.63","6,052.85","4,556,460,000.00"
"2024-12-09T23:00:00.000Z","6,057.59","6,065.40","6,029.89","6,034.91","4,048,410,000.00"